"Search Parameters";"Volcano Name";"Country";"Latitude";"Longitude";"Elevation (m)";""
"";"St. Andrew Strait";"Papua New Guinea";"-2.38";"147.35";"270";""
"";"Baluan";"United States";"-2.57";"147.28";"254";""
"";"Central Bismarck Sea";"United States";"-3.03";"147.78";"-1300";""
"";"Dacht-I-Navar Group";"Afghanistan";"33.95";"67.92";"3800";""
"";"Vakak Group";"Afghanistan";"34.25";"67.97";"3190";""
"";"Karisimbi";"Congo, DRC";"-1.506";"29.45";"4490";""
"";"May-ya-moto";"Congo, DRC";"-0.93";"29.33";"950";""
"";"Nyamulagira";"Congo, DRC";"-1.408";"29.2";"3058";""
"";"Nyiragongo";"Congo, DRC";"-1.52";"29.25";"3470";""
"";"Tshibinda";"Congo, DRC";"-2.32";"28.75";"1460";""
"";"Visoke";"Rwanda";"-1.458";"29.485";"3696";""
"";"Bufumbira";"Uganda";"-1.304";"29.683";"2100";""
"";"Bunyaruguru";"Uganda";"-0.2";"30.08";"1554";""
"";"Fort Portal";"Uganda";"0.7";"30.25";"1615";""
"";"Katunga";"Uganda";"-0.471";"30.191";"1707";""
"";"Katwe-Kikorongo";"Uganda";"-0.08";"29.92";"1067";""
"";"Kyatwa";"Uganda";"0.45";"30.25";"1430";""
"";"Muhavura";"Uganda";"-1.383";"29.678";"4103";""
"";"Barrier, The";"Kenya";"2.32";"36.57";"1032";""
"";"Chyulu Hills";"Kenya";"-2.68";"37.88";"2188";""
"";"Eburru, Ol Doinyo";"Kenya";"-0.65";"36.22";"2856";""
"";"Elmenteita Badlands";"Kenya";"-0.546";"36.249";"2126";""
"";"Emuruangogolak";"Kenya";"1.5";"36.33";"1285";""
"";"Homa Mountain";"Kenya";"-0.38";"34.5";"1751";""
"";"Korosi";"Kenya";"0.77";"36.12";"1446";""
"";"Lake Turkana Central Island";"Kenya";"3.496";"36.04";"518";""
"";"Lake Turkana North Island";"Kenya";"4.063";"36.046";"490";""
"";"Lake Turkana South Island";"Kenya";"2.636";"36.596";"800";""
"";"Longonot";"Kenya";"-0.914";"36.446";"2776";""
"";"Marsabit";"Kenya";"2.32";"37.97";"1707";""
"";"Mega Volcanic Field";"Kenya";"3.971";"38.213";"1500";""
"";"Menengai";"Kenya";"-0.2";"36.07";"2278";""
"";"Namarunu";"Kenya";"1.98";"36.43";"817";""
"";"Nyambeni Hills";"Kenya";"0.23";"37.87";"750";""
"";"Ol Kokwe";"Kenya";"0.62";"36.075";"1130";""
"";"Olkaria";"Kenya";"-0.904";"36.292";"2434";""
"";"Paka";"Kenya";"0.92";"36.18";"1697";""
"";"Segererua Plateau";"Kenya";"1.57";"37.9";"699";""
"";"Silali";"Kenya";"1.15";"36.23";"1528";""
"";"Suswa";"Kenya";"-1.151";"36.357";"2356";""
"";"Igwisi Hills";"Tanzania";"-4.889";"31.933";"1146";""
"";"Izumbwe-Mpoli";"Tanzania";"-8.93";"33.4";"1568";""
"";"Kilimanjaro";"Tanzania";"-3.07";"37.35";"5895";""
"";"Kyejo";"Tanzania";"-9.229";"33.792";"2176";""
"";"Lengai, Ol Doinyo";"Tanzania";"-2.764";"35.914";"2962";""
"";"Meru";"Tanzania";"-3.244";"36.75";"4550";""
"";"Ngozi";"Tanzania";"-9.004";"33.552";"2614";""
"";"Rungwe";"Tanzania";"-9.135";"33.668";"2953";""
"";"SW Usangu Basin";"Tanzania";"-8.75";"33.8";"2179";""
"";"Unnamed";"Tanzania";"-8.63";"33.57";"0";""
"";"Atakor Volcanic Field";"Algeria";"23.33";"5.83";"2918";""
"";"In Ezzane Volc Field";"Algeria";"23";"10.833";"";""
"";"Manzaz Volcanic Field";"Algeria";"23.92";"5.83";"1672";""
"";"Tahalra Volcanic Field";"Algeria";"22.67";"5";"1467";""
"";"Koussi, Emi";"Chad";"19.8";"18.53";"3415";""
"";"Todra Volcanic Field";"Chad";"17.68";"8.5";"1780";""
"";"Toh, Tarso";"Chad";"21.33";"16.33";"2000";""
"";"Tousside, Tarso";"Chad";"21.03";"16.45";"3265";""
"";"Voon, Tarso";"Chad";"20.92";"17.28";"3100";""
"";"Haruj";"Libya";"27.25";"17.5";"1200";""
"";"Wau-en-Namus";"Libya";"25.05";"17.55";"547";""
"";"Tin Zaouatene Volcanic Field";"Mali";"19.83";"2.83";"700";""
"";"Bayuda Volcanic Field";"Sudan";"18.33";"32.75";"670";""
"";"Kutum Volcanic Field";"Sudan";"14.57";"25.85";"1779";""
"";"Marra, Jebel";"Sudan";"12.95";"24.27";"3042";""
"";"Meidob Volcanic Field";"Sudan";"15.32";"26.47";"2000";""
"";"Umm Arafieb, Jebel";"Sudan";"18.17";"33.83";"0";""
"";"Ardoukoba";"Djibouti";"11.58";"42.47";"298";""
"";"Mousa Alli";"Djibouti";"12.469";"42.404";"1993";""
"";"Alid";"Eritrea";"14.88";"39.92";"904";""
"";"Assab Volcanic Field";"Eritrea";"12.95";"42.43";"987";""
"";"Dubbi";"Eritrea";"13.579";"41.809";"1625";""
"";"Gufa";"Eritrea";"12.55";"42.53";"600";""
"";"Jalua";"Eritrea";"15.042";"39.82";"713";""
"";"Nabro";"Eritrea";"13.37";"41.7";"2218";""
"";"Adwa";"Ethiopia";"10.063";"40.831";"1670";""
"";"Afdera";"Ethiopia";"13.088";"40.853";"1250";""
"";"Alayta";"Ethiopia";"12.888";"40.573";"1496";""
"";"Ale Bagu";"Ethiopia";"13.512";"40.631";"988";""
"";"Alu-Dalafilla";"Ethiopia";"13.793";"40.553";"578";""
"";"Aluto";"Ethiopia";"7.77";"38.78";"2335";""
"";"Asavyo";"Ethiopia";"13.098";"41.599";"1338";""
"";"Ayelu";"Ethiopia";"10.082";"40.702";"2145";""
"";"Beru";"Ethiopia";"8.95";"39.75";"1100";""
"";"Bilate River Field";"Ethiopia";"7.07";"38.1";"1700";""
"";"Bishoftu Volcanic Field";"Ethiopia";"8.78";"38.98";"1850";""
"";"Bora Ale";"Ethiopia";"13.725";"40.6";"668";""
"";"Bora-Bericcio";"Ethiopia";"8.221";"39.05";"2267";""
"";"Bora-Bericha-Tullu Moye";"Ethiopia";"8.211";"39.081";"2345";""
"";"Borawli";"Ethiopia";"13.304";"40.987";"784";""
"";"Borawli Complex";"Ethiopia";"11.63";"41.45";"875";""
"";"Boset";"Ethiopia";"8.558";"39.475";"2447";""
"";"Butajiri-Silti Field";"Ethiopia";"8.05";"38.35";"2281";""
"";"Chiracha";"Ethiopia";"6.65";"38.12";"1636";""
"";"Corbetti";"Ethiopia";"7.193";"38.39";"2289";""
"";"Dabbahu";"Ethiopia";"12.595";"40.48";"1401";""
"";"Dabbayra";"Ethiopia";"12.38";"40.07";"1302";""
"";"Dalaffilla";"Ethiopia";"13.792";"40.55";"613";""
"";"Dallol";"Ethiopia";"14.242";"40.3";"-48";""
"";"Dama Ali";"Ethiopia";"11.28";"41.63";"1068";""
"";"Dofan";"Ethiopia";"9.35";"40.13";"1151";""
"";"East Chamo Basin";"Ethiopia";"5.708";"37.713";"1150";""
"";"East Ziway";"Ethiopia";"7.874";"38.902";"1889";""
"";"Erta Ale";"Ethiopia";"13.601";"40.666";"585";""
"";"Fentale";"Ethiopia";"8.985";"39.906";"2007";""
"";"Gabillema";"Ethiopia";"11.08";"41.27";"1459";""
"";"Gada Ale";"Ethiopia";"13.975";"40.408";"287";""
"";"Gedemsa";"Ethiopia";"8.363";"39.172";"1909";""
"";"Groppo";"Ethiopia";"11.816";"40.242";"852";""
"";"Hayli Gubbi";"Ethiopia";"13.51";"40.722";"493";""
"";"Hertali";"Ethiopia";"9.78";"40.33";"900";""
"";"Hobicha Caldera";"Ethiopia";"6.78";"37.83";"1800";""
"";"Kone";"Ethiopia";"8.811";"39.695";"1380";""
"";"Korath Range";"Ethiopia";"5.117";"35.892";"912";""
"";"Kurub";"Ethiopia";"11.88";"41.208";"625";""
"";"Liado Hayk";"Ethiopia";"9.57";"40.28";"878";""
"";"Ma Alalta";"Ethiopia";"13.013";"40.185";"1745";""
"";"Mallahle";"Ethiopia";"13.27";"41.65";"1875";""
"";"Manda Hararo";"Ethiopia";"12.17";"40.82";"600";""
"";"Manda-Inakir";"Ethiopia";"12.38";"42.2";"600";""
"";"Mat Ala";"Ethiopia";"13.106";"41.161";"493";""
"";"Melkassa";"Ethiopia";"8.43";"39.35";"1765";""
"";"Northern Lake Abaya Volcanic Field";"Ethiopia";"6.76";"37.97";"1594";""
"";"Shala";"Ethiopia";"7.457";"38.557";"2075";""
"";"Sork Ale";"Ethiopia";"13.18";"41.725";"1611";""
"";"Tat Ali";"Ethiopia";"13.284";"41.063";"655";""
"";"Tepi";"Ethiopia";"7.42";"35.43";"2728";""
"";"Tosa Sucha";"Ethiopia";"5.92";"37.57";"1650";""
"";"Unnamed";"Ethiopia";"8.7";"39.63";"1300";""
"";"Unnamed";"Ethiopia";"8.62";"38.95";"1800";""
"";"Unnamed";"Ethiopia";"8.013";"39.062";"1886";""
"";"Yangudi";"Ethiopia";"10.58";"41.042";"1383";""
"";"Cameroon";"Cameroon";"4.203";"9.17";"4095";""
"";"Manengouba";"Cameroon";"5.03";"9.83";"2411";""
"";"Ngaoundere Plateau";"Cameroon";"7.25";"13.67";"0";""
"";"Oku Volcanic Field";"Cameroon";"6.25";"10.5";"3011";""
"";"Tombel Graben";"Cameroon";"4.758";"9.717";"500";""
"";"San Carlos";"Equatorial Guinea";"3.35";"8.52";"2260";""
"";"San Joaquin";"Equatorial Guinea";"3.35";"8.63";"2009";""
"";"Santa Isabel";"Equatorial Guinea";"3.588";"8.762";"2999";""
"";"Biu Plateau";"Nigeria";"10.75";"12";"0";""
"";"Sao Tome";"Sao Tome & Principe";"0.32";"6.72";"2024";""
"";"Aniakchak";"United States";"56.88";"-158.17";"1341";""
"";"Black Peak";"United States";"56.552";"-158.785";"1032";""
"";"Chiginagak";"United States";"57.135";"-156.99";"2221";""
"";"Dana";"United States";"55.641";"-161.214";"1354";""
"";"Denison";"United States";"58.418";"-154.449";"2287";""
"";"Douglas";"United States";"58.855";"-153.542";"2140";""
"";"Dutton";"United States";"55.183";"-162.276";"1465";""
"";"Emmons Lake Volcanic Center";"United States";"55.352";"-162.045";"1534";""
"";"Fourpeaked";"United States";"58.77";"-153.672";"2105";""
"";"Frosty";"United States";"55.067";"-162.835";"1728";""
"";"Griggs";"United States";"58.354";"-155.092";"2317";""
"";"Kaguyak";"United States";"58.611";"-154.025";"901";""
"";"Katmai";"United States";"58.279";"-154.953";"2047";""
"";"Kialagvik";"United States";"57.203";"-156.745";"1677";""
"";"Kukak";"United States";"58.453";"-154.355";"2043";""
"";"Kupreanof";"United States";"56.011";"-159.797";"1895";""
"";"Mageik";"United States";"58.195";"-155.253";"2165";""
"";"Martin";"United States";"58.172";"-155.361";"1863";""
"";"Novarupta";"United States";"58.266";"-155.159";"841";""
"";"Pavlof";"United States";"55.417";"-161.894";"2493";""
"";"Pavlof Sister";"United States";"55.457";"-161.854";"2142";""
"";"Snowy Mountain";"United States";"58.336";"-154.682";"2162";""
"";"Steller";"United States";"58.43";"-154.39";"2279";""
"";"Stepovak Bay 2";"United States";"55.913";"-160.041";"1323";""
"";"Stepovak Bay 3";"United States";"55.929";"-160.002";"1555";""
"";"Stepovak Bay 4";"United States";"55.954";"-159.954";"1557";""
"";"Stepovak Bay Group";"United States";"55.917";"-160.017";"1633";""
"";"Trident";"United States";"58.236";"-155.1";"1864";""
"";"Ugashik-Peulik";"United States";"57.751";"-156.368";"1474";""
"";"Ukinrek Maars";"United States";"57.834";"-156.52";"91";""
"";"Unnamed";"United States";"57.87";"-155.411";"402";""
"";"Veniaminof";"United States";"56.17";"-159.38";"2507";""
"";"Yantarni";"United States";"57.019";"-157.185";"1345";""
"";"Buzzard Creek";"United States";"64.062";"-148.433";"830";""
"";"Churchill";"United States";"61.38";"-141.75";"5005";""
"";"Gordon";"United States";"62.13";"-143.08";"2755";""
"";"Sanford";"United States";"62.22";"-144.13";"4949";""
"";"Wrangell";"United States";"62.006";"-144.017";"4278";""
"";"Behm Canal-Rudyerd Bay";"United States";"55.35";"-131";"500";""
"";"Duncan Canal";"United States";"56.5";"-133.1";"15";""
"";"Edgecumbe";"United States";"57.05";"-135.75";"970";""
"";"Tlevak Strait-Suemez Island";"United States";"55.25";"-133.3";"50";""
"";"Augustine";"United States";"59.363";"-153.435";"1218";""
"";"Hayes";"United States";"61.64";"-152.411";"3034";""
"";"Iliamna";"United States";"60.032";"-153.09";"3053";""
"";"Redoubt";"United States";"60.485";"-152.742";"3108";""
"";"Spurr";"United States";"61.299";"-152.251";"3374";""
"";"Espenberg";"United States";"66.35";"-164.33";"243";""
"";"Imuruk Lake";"United States";"65.6";"-163.92";"610";""
"";"Imuruk Lake";"United States";"65.517";"-163.45";"610";""
"";"Ingakslugwat Hills";"United States";"61.43";"-164.47";"190";""
"";"Kookooligit Mountains";"United States";"63.6";"-170.43";"673";""
"";"St. Michael";"United States";"63.45";"-162.12";"715";""
"";"St. Paul Island";"United States";"57.167";"-170.213";"203";""
"";"Akutan";"United States";"54.134";"-165.986";"1303";""
"";"Amak";"United States";"55.418";"-163.147";"547";""
"";"Amukta";"United States";"52.5";"-171.252";"1066";""
"";"Atka Volcanic Complex";"United States";"52.331";"-174.139";"1518";""
"";"Bobrof";"United States";"51.91";"-177.438";"738";""
"";"Bogoslof";"United States";"53.93";"-168.03";"150";""
"";"Buldir";"United States";"52.35";"175.911";"656";""
"";"Carlisle";"United States";"52.894";"-170.054";"1620";""
"";"Chagulak";"United States";"52.577";"-171.13";"1142";""
"";"Cleveland";"United States";"52.825";"-169.944";"1730";""
"";"Davidof";"United States";"51.97";"178.33";"328";""
"";"Fisher";"United States";"54.65";"-164.43";"1112";""
"";"Gareloi";"United States";"51.79";"-178.794";"1573";""
"";"Great Sitkin";"United States";"52.076";"-176.13";"1740";""
"";"Herbert";"United States";"52.742";"-170.111";"1280";""
"";"Isanotski";"United States";"54.765";"-163.723";"2446";""
"";"Kagamil";"United States";"52.974";"-169.72";"893";""
"";"Kanaga";"United States";"51.923";"-177.168";"1307";""
"";"Kasatochi";"United States";"52.177";"-175.508";"314";""
"";"Kiska";"United States";"52.103";"177.602";"1220";""
"";"Koniuji";"United States";"52.22";"-175.13";"273";""
"";"Korovin";"United States";"52.381";"-174.166";"1518";""
"";"Little Sitkin";"United States";"51.95";"178.543";"1174";""
"";"Makushin";"United States";"53.891";"-166.923";"1800";""
"";"Moffett";"United States";"51.944";"-176.747";"1196";""
"";"Okmok";"United States";"53.43";"-168.13";"1073";""
"";"Recheschnoi";"United States";"53.157";"-168.539";"1984";""
"";"Roundtop";"United States";"54.8";"-163.589";"1871";""
"";"Seguam";"United States";"52.315";"-172.51";"1054";""
"";"Segula";"United States";"52.015";"178.136";"1160";""
"";"Semisopochnoi";"United States";"51.93";"179.58";"1221";""
"";"Sergief";"United States";"52.03";"-174.93";"560";""
"";"Shishaldin";"United States";"54.756";"-163.97";"2857";""
"";"Takawangha";"United States";"51.873";"-178.006";"1449";""
"";"Tana";"United States";"52.83";"-169.77";"1170";""
"";"Tanaga";"United States";"51.885";"-178.146";"1806";""
"";"Uliaga";"United States";"53.065";"-169.77";"888";""
"";"Unnamed";"United States";"52";"-173.5";"0";""
"";"Vsevidof";"United States";"53.13";"-168.693";"2149";""
"";"Westdahl";"United States";"54.516";"-164.65";"1563";""
"";"Yunaska";"United States";"52.639";"-170.632";"550";""
"";"Barren Island";"India";"12.278";"93.858";"354";""
"";"Narcondum";"India";"13.43";"94.28";"710";""
"";"Andrus";"Antarctica";"-75.8";"-132.33";"2978";""
"";"Berlin";"Antarctica";"-76.05";"-136";"3478";""
"";"Bridgeman Island";"Antarctica";"-62.063";"-56.713";"240";""
"";"Bristol Island";"Antarctica";"-59.017";"-26.533";"1100";""
"";"Buckle Island";"Antarctica";"-66.78";"163.25";"1239";""
"";"Candlemas Island";"Antarctica";"-57.08";"-26.67";"550";""
"";"Deception Island";"Antarctica";"-62.957";"-60.637";"602";""
"";"Erebus";"Antarctica";"-77.53";"167.17";"3794";""
"";"Hodson";"Antarctica";"-56.712";"-27.176";"835";""
"";"Hudson Mountains";"Antarctica";"-74.33";"-99.42";"749";""
"";"Leskov Island";"Antarctica";"-56.656";"-28.14";"190";""
"";"Lindenberg Island";"Antarctica";"-65.03";"-60.05";"368";""
"";"Melbourne";"Antarctica";"-74.35";"164.7";"2732";""
"";"Melville";"Antarctica";"-62.02";"-57.67";"549";""
"";"Montagu Island";"Antarctica";"-58.445";"-26.374";"1370";""
"";"Morning";"Antarctica";"-78.5";"163.53";"2723";""
"";"Mount Haddington Volc Field";"Antarctica";"-64.15";"-57.75";"1630";""
"";"Paulet";"Antarctica";"-63.579";"-55.78";"353";""
"";"Penguin Island";"Antarctica";"-62.1";"-57.93";"180";""
"";"Peter I Island";"Antarctica";"-68.85";"-90.58";"1640";""
"";"Pleiades, The";"Antarctica";"-72.67";"165.5";"3040";""
"";"Protector Seamounts";"Antarctica";"-55.912";"-28.167";"-55";""
"";"Royal Society Range";"Antarctica";"-78.25";"163.33";"3000";""
"";"Saunders";"Antarctica";"-57.8";"-26.483";"843";""
"";"Seal Nunataks Group";"Antarctica";"-65.03";"-60.05";"368";""
"";"Siple";"Antarctica";"-73.43";"-126.67";"3110";""
"";"Southern Thule";"Antarctica";"-59.442";"-27.225";"1075";""
"";"Sturge Island";"Antarctica";"-67.4";"164.83";"1167";""
"";"Takahe";"Antarctica";"-76.28";"-112.08";"3460";""
"";"Toney Mountain";"Antarctica";"-75.8";"-115.83";"3595";""
"";"Unnamed";"Antarctica";"-73.45";"164.58";"2987";""
"";"Unnamed";"Antarctica";"-76.83";"163";"-500";""
"";"Waesche";"Antarctica";"-77.17";"-126.88";"3292";""
"";"Young Island";"Antarctica";"-66.42";"162.47";"1340";""
"";"Zavodovski";"Antarctica";"-56.3";"-27.57";"551";""
"";"Ormus Islands";"Indian Ocean";"26";"57";"0";""
"";"Unnamed";"Indian Ocean";"12.25";"45";"0";""
"";"Arhab, Harra of";"Yemen";"15.603";"44.098";"3100";""
"";"Balhaf-Bir Ali Volcanic Field";"Yemen";"14.067";"48.3";"604";""
"";"Bir Borhut";"Yemen";"15.515";"50.935";"464";""
"";"Dhamar, Harras of";"Yemen";"14.57";"44.67";"3500";""
"";"Haylan, Jabal";"Yemen";"15.4";"45.1";"1550";""
"";"Marha, Jabal el-";"Yemen";"15.245";"44.236";"2506";""
"";"Sawad, Harra Es-";"Yemen";"13.58";"46.12";"1737";""
"";"Ash Shaam, Harrat";"Saudi Arabia";"32.333";"37.583";"1100";""
"";"Birk, Harrat al";"Saudi Arabia";"18.37";"41.63";"587";""
"";"Ithnayn, Harrat";"Saudi Arabia";"26.58";"40.2";"1625";""
"";"Khaybar, Harrat";"Saudi Arabia";"25.5";"40";"2093";""
"";"Kishb, Harrat";"Saudi Arabia";"22.8";"41.38";"1475";""
"";"Lunayyir, Harrat";"Saudi Arabia";"25.17";"37.75";"1370";""
"";"Rahah, Harrat ar";"Saudi Arabia";"27.8";"36.17";"1950";""
"";"Rahat, Harrat";"Saudi Arabia";"23.08";"39.78";"1744";""
"";"Uwayrid, Harrat";"Saudi Arabia";"27.08";"37.25";"1920";""
"";"Yar, Jabal";"Saudi Arabia";"17.05";"42.83";"305";""
"";"East Gakkel Ridge at 85A�E";"Arctic Ocean";"85.608";"85.25";"-3800";""
"";"Unnamed";"Arctic Ocean";"88.27";"-65.6";"-1500";""
"";"Antofagasta Volcanic Field";"Argentina";"-26.12";"-67.4";"3495";""
"";"Apagado";"Argentina";"-41.88";"-72.58";"1210";""
"";"Aracar";"Argentina";"-24.29";"-67.783";"6095";""
"";"Atuel, Caldera del";"Argentina";"-34.592";"-69.921";"5189";""
"";"Blanca, Laguna";"Argentina";"-39.02";"-70.37";"1700";""
"";"Blanco, Cerro";"Argentina";"-26.766";"-67.746";"4670";""
"";"Condor, El";"Argentina";"-26.632";"-68.361";"6373";""
"";"Domuyo";"Argentina";"-36.638";"-70.432";"4702";""
"";"Falso Azufre";"Argentina";"-26.8";"-68.37";"5906";""
"";"Huanquihue Group";"Argentina";"-39.887";"-71.58";"2189";""
"";"Nevada, Sierra";"Argentina";"-26.48";"-68.58";"6173";""
"";"Payun Matru";"Argentina";"-36.422";"-69.241";"3715";""
"";"Peinado";"Argentina";"-26.623";"-68.116";"5741";""
"";"Puesto Cortaderas";"Argentina";"-37.567";"-69.617";"970";""
"";"Pular";"Argentina";"-24.188";"-68.054";"6233";""
"";"Risco Plateado";"Argentina";"-34.917";"-69.981";"4999";""
"";"Solo, El";"Argentina";"-27.105";"-68.713";"6205";""
"";"Tipas";"Argentina";"-27.196";"-68.561";"6658";""
"";"Trolon";"Argentina";"-37.738";"-70.906";"2360";""
"";"Tromen";"Argentina";"-37.142";"-70.03";"3978";""
"";"Tromen Volcanic Plateau";"Argentina";"-37.144";"-70.033";"4114";""
"";"Tuzgle";"Argentina";"-24.05";"-66.48";"5486";""
"";"Unnamed";"Argentina";"-25.078";"-68.266";"4652";""
"";"Viedma, Volcan";"Argentina";"-49.358";"-73.28";"1300";""
"";"Aragats";"Armenia";"40.53";"44.2";"4095";""
"";"Ghegham Volcanic Ridge";"Armenia";"40.283";"45";"3597";""
"";"Porak";"Armenia";"40.028";"45.74";"3029";""
"";"Tskhouk-Karckar";"Armenia";"39.742";"45.992";"3139";""
"";"Vaiyots-Sar";"Armenia";"39.797";"45.497";"2575";""
"";"Romanche Fracture Zone";"Atlantic Ocean";"-0.433";"-19.596";"-1528";""
"";"Unnamed";"Atlantic Ocean";"7";"-21.83";"-1415";""
"";"Unnamed";"Atlantic Ocean";"4.2";"-21.45";"-2900";""
"";"Unnamed";"Atlantic Ocean";"-3.5";"-24.5";"-5300";""
"";"Pico Fracture Zone";"Atlantic Ocean";"38.75";"-38.08";"-4200";""
"";"Unnamed";"Atlantic Ocean";"66";"-27.75";"-108";""
"";"Unnamed";"Atlantic Ocean";"49";"-34.5";"-1650";""
"";"Unnamed";"Atlantic Ocean";"39.95";"-25.83";"-2835";""
"";"Fagradalsfjall";"Iceland";"63.895";"-22.258";"250";""
"";"Jan Mayen";"Jan Mayen";"71.082";"-8.155";"2197";""
"";"Ascension";"Atlantic Ocean";"-7.95";"-14.37";"858";""
"";"Thompson Island";"Atlantic Ocean";"-53.93";"5.5";"0";""
"";"Trindade";"Atlantic Ocean";"-20.514";"-29.331";"600";""
"";"Tristan da Cunha";"Atlantic Ocean";"-37.092";"-12.28";"2060";""
"";"Walvis Ridge at 33A�S";"Atlantic Ocean";"-32.958";"-5.22";"-1200";""
"";"Bouvet";"Bouvet I.";"-54.408";"3.351";"741";""
"";"Nightingale Island";"United Kingdom";"-37.42";"-12.48";"365";""
"";"Macdonald";"Antarctica";"-28.98";"-140.25";"-39";""
"";"McBride Volcanic Province";"Australia";"-18.367";"144.567";"1020";""
"";"Newer Volcanics Province";"Australia";"-37.77";"142.5";"1011";""
"";"Agua de Pau";"Portugal";"37.77";"-25.47";"947";""
"";"Corvo";"Portugal";"39.699";"-31.111";"718";""
"";"Don Joao de Castro Bank";"Portugal";"38.23";"-26.63";"-13";""
"";"Fayal";"Portugal";"38.576";"-28.713";"1041";""
"";"Flores";"Portugal";"39.462";"-31.216";"914";""
"";"Furnas";"Portugal";"37.77";"-25.32";"805";""
"";"Graciosa";"Portugal";"39.02";"-27.97";"402";""
"";"Madeira";"Portugal";"32.73";"-16.97";"1862";""
"";"Monaco Bank";"Portugal";"37.6";"-25.88";"-197";""
"";"Pico";"Portugal";"38.47";"-28.4";"2351";""
"";"Picos Fissural Volcanic System";"Portugal";"37.78";"-25.67";"350";""
"";"Sao Jorge";"Portugal";"38.65";"-28.08";"1053";""
"";"Sete Cidades";"Portugal";"37.865";"-25.785";"842";""
"";"Terceira";"Portugal";"38.73";"-27.32";"1023";""
"";"Wurlali";"Indonesia";"-7.125";"128.675";"868";""
"";"Banda Api";"Pacific Ocean";"-4.523";"129.881";"596";""
"";"Emperor of China";"Pacific Ocean";"-6.62";"124.22";"-2850";""
"";"Manuk";"Pacific Ocean";"-5.543";"130.303";"257";""
"";"Nieuwerkerk";"Pacific Ocean";"-6.6";"124.675";"-2285";""
"";"Nila";"Pacific Ocean";"-6.73";"129.5";"781";""
"";"Serua";"Pacific Ocean";"-6.312";"130.017";"608";""
"";"Teon";"Pacific Ocean";"-6.976";"129.144";"728";""
"";"Wetar";"Pacific Ocean";"-6.642";"126.65";"282";""
"";"Jatun Mundo Quri Warani";"Bolivia";"-19.78";"-66.48";"5438";""
"";"Jayu Khota, Laguna";"Bolivia";"-19.463";"-67.432";"3650";""
"";"Pampa Luxsar";"Bolivia";"-20.85";"-68.2";"5543";""
"";"Parinacota";"Bolivia";"-18.166";"-69.142";"6336";""
"";"Tambo Quemado";"Bolivia";"-18.62";"-68.75";"4215";""
"";"Yumia, Cerro";"Bolivia";"-21.5";"-67.5";"4050";""
"";"Bombalai";"Malaysia";"4.4";"117.88";"531";""
"";"Bagana";"Papua New Guinea";"-6.137";"155.196";"1855";""
"";"Balbi";"Papua New Guinea";"-5.916";"155.001";"2715";""
"";"Billy Mitchell";"Papua New Guinea";"-6.09";"155.225";"1544";""
"";"Loloru";"Papua New Guinea";"-6.52";"155.62";"1887";""
"";"Takuan Group";"Papua New Guinea";"-6.442";"155.608";"2210";""
"";"Tore";"Papua New Guinea";"-5.835";"154.935";"2175";""
"";"Alligator Lake";"Canada";"60.42";"-135.42";"2217";""
"";"Atlin Volcanic Field";"Canada";"59.708";"-133.358";"1880";""
"";"Bridge River Cones";"Canada";"50.8";"-123.4";"2500";""
"";"Cayley Volcanic Field";"Canada";"50.12";"-123.28";"2375";""
"";"Crow Lagoon";"Canada";"54.7";"-130.23";"335";""
"";"Edziza";"Canada";"57.72";"-130.63";"2786";""
"";"Fort Selkirk";"Canada";"62.93";"-137.38";"1239";""
"";"Garibaldi";"Canada";"49.85";"-123";"2678";""
"";"Garibaldi Lake";"Canada";"49.933";"-123";"2316";""
"";"Heart Peaks";"Canada";"58.6";"-131.97";"2012";""
"";"Hoodoo Mountain";"Canada";"56.78";"-131.28";"1850";""
"";"Iskut-Unuk River Cones";"Canada";"56.567";"-130.75";"1880";""
"";"Level Mountain";"Canada";"58.42";"-131.35";"2164";""
"";"Meager";"Canada";"50.63";"-123.5";"2680";""
"";"Milbanke Sound Group";"Canada";"52.498";"-128.723";"233";""
"";"Nazko";"Canada";"52.928";"-123.732";"1238";""
"";"Satah Mountain";"Canada";"52.47";"-124.7";"1921";""
"";"Silverthrone";"Canada";"51.518";"-126.113";"2860";""
"";"Spectrum Range";"Canada";"57.43";"-130.68";"2430";""
"";"Tseax River Cone";"Canada";"55.111";"-128.899";"612";""
"";"Tuya Volcanic Field";"Canada";"59.37";"-130.58";"2123";""
"";"Wells Gray-Clearwater";"Canada";"52.33";"-120.57";"2576";""
"";"Fuerteventura";"Spain";"28.358";"-14.02";"529";""
"";"Gran Canaria";"Spain";"28";"-15.58";"1950";""
"";"Hierro";"Spain";"27.73";"-18.03";"1500";""
"";"La Palma";"Spain";"28.57";"-17.83";"2426";""
"";"Lanzarote";"Spain";"29.03";"-13.63";"670";""
"";"Tenerife";"Spain";"28.271";"-16.641";"3715";""
"";"Brava";"Cape Verde";"14.851";"-24.704";"956";""
"";"Fogo";"Cape Verde";"14.95";"-24.35";"2829";""
"";"Santo Antao";"Cape Verde";"17.07";"-25.17";"1979";""
"";"Incahuasi, Nevado de";"Argentina";"-27.033";"-68.296";"6638";""
"";"Lanin";"Argentina";"-39.637";"-71.502";"3776";""
"";"Maipo";"Argentina";"-34.164";"-69.832";"5323";""
"";"San Jose";"Argentina";"-33.789";"-69.895";"6070";""
"";"Antillanca Volcanic Complex";"Chile";"-40.783";"-72.15";"1979";""
"";"Antuco";"Chile";"-37.406";"-71.349";"2979";""
"";"Azul, Cerro";"Chile";"-35.653";"-70.761";"3788";""
"";"Blancas, Lomas";"Chile";"-36.286";"-71.009";"2268";""
"";"Caburgua-Huelemolle";"Chile";"-39.25";"-71.75";"1652";""
"";"Calabozos";"Chile";"-35.558";"-70.496";"3508";""
"";"Callaqui";"Chile";"-37.92";"-71.45";"3164";""
"";"Carran-Los Venados";"Chile";"-40.35";"-72.07";"1114";""
"";"Chillan, Nevados de";"Chile";"-36.868";"-71.378";"3180";""
"";"Copahue";"Chile";"-37.856";"-71.183";"2953";""
"";"Descabezado Grande";"Chile";"-35.58";"-70.75";"3953";""
"";"Infiernillo";"Chile";"-35.123";"-69.9";"3007";""
"";"Llaima";"Chile";"-38.692";"-71.729";"3125";""
"";"Longavi, Nevado de";"Chile";"-36.196";"-71.164";"3175";""
"";"Lonquimay";"Chile";"-38.379";"-71.586";"2832";""
"";"MariA�aqui, Laguna";"Chile";"-38.255";"-71.167";"2108";""
"";"Maule, Laguna del";"Chile";"-36.058";"-70.492";"2162";""
"";"Mocho-Choshuenco";"Chile";"-39.927";"-72.027";"2422";""
"";"Palomo";"Chile";"-34.608";"-70.295";"4860";""
"";"Pantojo, Cerro";"Chile";"-40.77";"-71.95";"1897";""
"";"Planchon-Peteroa";"Chile";"-35.223";"-70.568";"3977";""
"";"Puntiagudo-Cordon Cenizos";"Chile";"-40.969";"-72.264";"2493";""
"";"Puyehue-Cordon Caulle";"Chile";"-40.59";"-72.117";"2236";""
"";"Quetrupillan";"Chile";"-39.496";"-71.722";"2360";""
"";"Resago, Volcan";"Chile";"-36.461";"-70.903";"1890";""
"";"San Pedro-Pellado";"Chile";"-35.989";"-70.849";"3621";""
"";"Sollipulli";"Chile";"-38.97";"-71.52";"2282";""
"";"Tinguiririca";"Chile";"-34.814";"-70.352";"4280";""
"";"Tolhuaca";"Chile";"-38.31";"-71.645";"2739";""
"";"Tralihue";"Chile";"-38.509";"-70.898";"2448";""
"";"Tupungatito";"Chile";"-33.425";"-69.797";"5660";""
"";"Villarrica";"Chile";"-39.42";"-71.93";"2847";""
"";"Rapa Nui";"Chile";"-27.114";"-109.356";"501";""
"";"Robinson Crusoe";"Chile";"-33.658";"-78.85";"922";""
"";"San Felix";"Chile";"-26.27";"-80.12";"183";""
"";"Unnamed";"Chile";"-33.622";"-78.78";"0";""
"";"Unnamed";"Chile";"-33.62";"-76.83";"-642";""
"";"Bayo Gorbea, Cerro";"Argentina";"-25.414";"-68.588";"5413";""
"";"Cordon del Azufre";"Argentina";"-25.336";"-68.521";"5481";""
"";"Corrida de Cori Volcanic Field";"Argentina";"-25.083";"-68.367";"5451";""
"";"Llullaillaco";"Argentina";"-24.72";"-68.53";"6739";""
"";"Ojos del Salado, Nevados";"Argentina";"-27.109";"-68.541";"6879";""
"";"Socompa";"Argentina";"-24.396";"-68.246";"6031";""
"";"Azufre, Cerro del";"Bolivia";"-21.787";"-68.237";"5846";""
"";"Guayaques";"Bolivia";"-22.895";"-67.566";"5598";""
"";"Irruputuncu";"Bolivia";"-20.73";"-68.55";"5163";""
"";"Olca-Paruma";"Bolivia";"-20.939";"-68.413";"5705";""
"";"Sairecabur";"Bolivia";"-22.719";"-67.891";"5961";""
"";"Acamarachi";"Chile";"-23.292";"-67.618";"6023";""
"";"Caichinque";"Chile";"-23.949";"-67.74";"4458";""
"";"Chiliques";"Chile";"-23.58";"-67.7";"5778";""
"";"Colachi";"Chile";"-23.236";"-67.645";"5631";""
"";"Copiapo";"Chile";"-27.3";"-69.13";"6052";""
"";"Cordon de Puntas Negras";"Chile";"-23.743";"-67.534";"5852";""
"";"Guallatiri";"Chile";"-18.42";"-69.092";"6071";""
"";"Isluga";"Chile";"-19.15";"-68.83";"5550";""
"";"Lascar";"Chile";"-23.37";"-67.73";"5592";""
"";"Lastarria";"Chile";"-25.168";"-68.507";"5706";""
"";"Licancabur";"Chile";"-22.83";"-67.88";"5916";""
"";"Miniques";"Chile";"-23.82";"-67.77";"5910";""
"";"Negrillar, El";"Chile";"-24.18";"-68.25";"3500";""
"";"Negrillar, La";"Chile";"-24.319";"-68.59";"4220";""
"";"Overo, Cerro";"Chile";"-23.52";"-67.67";"4555";""
"";"Purico Complex";"Chile";"-23";"-67.75";"5703";""
"";"Putana";"Chile";"-22.557";"-67.853";"5884";""
"";"San Pedro-San Pablo";"Chile";"-21.888";"-68.391";"6142";""
"";"Taapaca";"Chile";"-18.1";"-69.5";"5860";""
"";"Tacora";"Chile";"-17.721";"-69.773";"5960";""
"";"Tata Sabaya";"Chile";"-19.13";"-68.53";"5430";""
"";"Tilocalar";"Chile";"-23.97";"-68.13";"3109";""
"";"Tujle, Cerro";"Chile";"-23.83";"-67.95";"3550";""
"";"Aguilera";"Chile";"-50.33";"-73.75";"2546";""
"";"Arenales";"Chile";"-47.2";"-73.483";"3437";""
"";"Burney, Monte";"Chile";"-52.33";"-73.4";"1758";""
"";"Calbuco";"Chile";"-41.33";"-72.618";"1974";""
"";"Cay";"Chile";"-45.059";"-72.984";"2090";""
"";"Cayute-La Vigueria";"Chile";"-41.25";"-72.27";"506";""
"";"Cayutue-La Vigueria";"Chile";"-41.3";"-72.27";"506";""
"";"Chaiten";"Chile";"-42.835";"-72.651";"1122";""
"";"Corcovado";"Chile";"-43.189";"-72.794";"1826";""
"";"Fueguino";"Chile";"-54.97";"-70.262";"157";""
"";"Hornopiren";"Chile";"-41.874";"-72.431";"1572";""
"";"Hudson, Cerro";"Chile";"-45.9";"-72.97";"1905";""
"";"Huequi";"Chile";"-42.377";"-72.578";"1318";""
"";"Lautaro";"Chile";"-49.019";"-73.504";"3542";""
"";"Maca";"Chile";"-45.1";"-73.17";"2960";""
"";"Melimoyu";"Chile";"-44.08";"-72.88";"2400";""
"";"Mentolat";"Chile";"-44.7";"-73.08";"1660";""
"";"Meullin";"Chile";"-45.22";"-73.05";"1080";""
"";"Michinmahuida";"Chile";"-42.799";"-72.445";"2452";""
"";"Osorno";"Chile";"-41.105";"-72.496";"2659";""
"";"Palena Volcanic Group";"Chile";"-43.42";"-72.83";"2991";""
"";"Pali-Aike Volcanic Field";"Chile";"-52.082";"-69.698";"282";""
"";"Puyuhuapi";"Chile";"-44.3";"-72.53";"524";""
"";"Reclus";"Chile";"-50.964";"-73.58";"1403";""
"";"RA�o Murta";"Chile";"-46.167";"-72.667";"";""
"";"Tronador";"Chile";"-41.157";"-71.885";"3478";""
"";"Yanteles";"Chile";"-43.469";"-72.782";"1790";""
"";"Yate";"Chile";"-41.755";"-72.396";"2187";""
"";"Crater Basalt Volcanic Field";"Argentina";"-42.018";"-70.194";"1344";""
"";"Arxan-Chaihe";"China";"47.45";"120.8";"1677";""
"";"Honggeertu";"China";"41.59";"113.111";"1605";""
"";"Jingpohu";"China";"44.08";"128.83";"1000";""
"";"Keluo Group";"China";"49.37";"125.92";"670";""
"";"Longgang Group";"China";"42.33";"126.5";"1000";""
"";"Wudalianchi";"China";"48.722";"126.15";"597";""
"";"Changbaishan";"North Korea";"41.98";"128.08";"2744";""
"";"Tengchong";"China";"25.23";"98.5";"2865";""
"";"Ashikule Volcanic Field";"China";"35.742";"81.646";"5090";""
"";"Tianshan Volc Group";"China";"42.5";"82.5";"0";""
"";"Turfan";"China";"42.9";"89.25";"0";""
"";"Unnamed";"China";"35.85";"91.7";"5400";""
"";"Azufral";"Colombia";"1.08";"-77.68";"4070";""
"";"Bravo, Cerro";"Colombia";"5.091";"-75.293";"3985";""
"";"Cumbal";"Colombia";"0.95";"-77.87";"4764";""
"";"Dona Juana";"Colombia";"1.5";"-76.936";"4137";""
"";"Galeras";"Colombia";"1.22";"-77.37";"4276";""
"";"Huila, Nevado del";"Colombia";"2.93";"-76.03";"5364";""
"";"Machin";"Colombia";"4.487";"-75.389";"2749";""
"";"Petacas";"Colombia";"1.57";"-76.78";"3280";""
"";"Purace";"Colombia";"2.32";"-76.4";"4650";""
"";"Romeral";"Colombia";"5.203";"-75.363";"3769";""
"";"Ruiz, Nevado del";"Colombia";"4.892";"-75.324";"5279";""
"";"Santa Isabel";"Colombia";"4.818";"-75.365";"4944";""
"";"Sotara";"Colombia";"2.108";"-76.592";"4400";""
"";"Tolima, Nevado del";"Colombia";"4.658";"-75.33";"5215";""
"";"Chiles-Cerro Negro";"Ecuador";"0.817";"-77.938";"4698";""
"";"Arenal";"Costa Rica";"10.463";"-84.703";"1670";""
"";"Barva";"Costa Rica";"10.135";"-84.1";"2906";""
"";"Irazu";"Costa Rica";"9.979";"-83.852";"3436";""
"";"Miravalles";"Costa Rica";"10.748";"-85.153";"2028";""
"";"Orosi";"Costa Rica";"10.98";"-85.473";"1659";""
"";"Platanar";"Costa Rica";"10.3";"-84.366";"2267";""
"";"Poas";"Costa Rica";"10.2";"-84.233";"2697";""
"";"Rincon de la Vieja";"Costa Rica";"10.83";"-85.324";"1916";""
"";"Tenorio";"Costa Rica";"10.673";"-85.015";"1916";""
"";"Turrialba";"Costa Rica";"10.025";"-83.767";"3340";""
"";"Dawson Strait Group";"Papua New Guinea";"-9.62";"150.88";"500";""
"";"Goodenough";"Papua New Guinea";"-9.358";"150.246";"220";""
"";"Iamalele";"Papua New Guinea";"-9.506";"150.524";"194";""
"";"Aliso";"Ecuador";"-0.53";"-78";"4267";""
"";"Antisana";"Ecuador";"-0.481";"-78.141";"5753";""
"";"Atacazo";"Ecuador";"-0.353";"-78.617";"4463";""
"";"Cayambe";"Ecuador";"0.029";"-77.986";"5790";""
"";"Chacana";"Ecuador";"-0.375";"-78.25";"4643";""
"";"Chachimbiro";"Ecuador";"0.468";"-78.287";"4106";""
"";"Chimborazo";"Ecuador";"-1.469";"-78.817";"6261";""
"";"Cotopaxi";"Ecuador";"-0.677";"-78.436";"5911";""
"";"Cuicocha";"Ecuador";"0.308";"-78.364";"3246";""
"";"Guagua Pichincha";"Ecuador";"-0.171";"-78.598";"4784";""
"";"Iliniza";"Ecuador";"-0.662";"-78.716";"5162";""
"";"Imbabura";"Ecuador";"0.258";"-78.183";"4609";""
"";"Licto";"Ecuador";"-1.786";"-78.614";"3322";""
"";"Mojanda";"Ecuador";"0.13";"-78.27";"4263";""
"";"Pululahua";"Ecuador";"0.046";"-78.49";"3360";""
"";"Quilotoa";"Ecuador";"-0.859";"-78.904";"3914";""
"";"Reventador";"Ecuador";"-0.077";"-77.656";"3562";""
"";"Sangay";"Ecuador";"-2.005";"-78.341";"5286";""
"";"Soche";"Ecuador";"0.552";"-77.58";"3955";""
"";"Sumaco";"Ecuador";"-0.538";"-77.626";"3990";""
"";"Tungurahua";"Ecuador";"-1.467";"-78.442";"5023";""
"";"Apaneca Range";"El Salvador";"13.872";"-89.742";"2028";""
"";"Apastepeque Field";"El Salvador";"13.72";"-88.77";"700";""
"";"Aramuaca, Laguna";"El Salvador";"13.428";"-88.105";"181";""
"";"Chinameca";"El Salvador";"13.478";"-88.33";"1300";""
"";"Cinotepeque, Cerro";"El Salvador";"14.02";"-89.25";"665";""
"";"Coatepeque Caldera";"El Salvador";"13.87";"-89.55";"746";""
"";"Conchagua";"El Salvador";"13.277";"-87.853";"1250";""
"";"Conchaguita";"El Salvador";"13.22";"-87.765";"550";""
"";"Guazapa";"El Salvador";"13.9";"-89.12";"1438";""
"";"Ilopango";"El Salvador";"13.672";"-89.053";"450";""
"";"Izalco";"El Salvador";"13.813";"-89.633";"1950";""
"";"San Diego";"El Salvador";"14.27";"-89.48";"781";""
"";"San Marcelino";"El Salvador";"13.853";"-89.63";"2381";""
"";"San Miguel";"El Salvador";"13.434";"-88.269";"2130";""
"";"San Salvador";"El Salvador";"13.734";"-89.294";"1893";""
"";"San Vicente";"El Salvador";"13.595";"-88.837";"2182";""
"";"Santa Ana";"El Salvador";"13.853";"-89.63";"2381";""
"";"Singuil, Cerro";"El Salvador";"14.054";"-89.631";"926";""
"";"Taburete";"El Salvador";"13.435";"-88.532";"1172";""
"";"Tecapa";"El Salvador";"13.494";"-88.502";"1593";""
"";"Tigre, El";"El Salvador";"13.47";"-88.43";"1640";""
"";"Usulutan";"El Salvador";"13.419";"-88.471";"1449";""
"";"Manda Gargori";"Ethiopia";"11.75";"41.48";"700";""
"";"Koro";"Fiji";"-17.32";"179.4";"522";""
"";"Nabukelevu";"Fiji";"-19.118";"177.982";"791";""
"";"Taveuni";"Fiji";"-16.841";"-179.964";"1241";""
"";"Chaine des Puys";"France";"45.786";"2.981";"1464";""
"";"Alcedo";"Ecuador";"-0.43";"-91.12";"1130";""
"";"Azul, Cerro";"Ecuador";"-0.92";"-91.408";"1640";""
"";"Darwin";"Ecuador";"-0.18";"-91.28";"1330";""
"";"Ecuador";"Ecuador";"-0.02";"-91.546";"790";""
"";"Fernandina";"Ecuador";"-0.37";"-91.55";"1476";""
"";"Genovesa";"Ecuador";"0.32";"-89.958";"64";""
"";"Marchena";"Ecuador";"0.33";"-90.47";"343";""
"";"Negra, Sierra";"Ecuador";"-0.83";"-91.17";"1124";""
"";"Pinta";"Ecuador";"0.58";"-90.75";"780";""
"";"San Cristobal";"Ecuador";"-0.88";"-89.5";"759";""
"";"Santa Cruz";"Ecuador";"-0.62";"-90.33";"864";""
"";"Santiago";"Ecuador";"-0.22";"-90.77";"920";""
"";"Wolf";"Ecuador";"0.02";"-91.35";"1710";""
"";"Kabargin Oth Group";"Georgia";"42.55";"44";"3650";""
"";"Kazbek";"Georgia";"42.7";"44.5";"5050";""
"";"Samsari Volcanic Center";"Georgia";"41.542";"43.7";"3290";""
"";"Unnamed";"Georgia";"42.45";"44.25";"3750";""
"";"West Eifel Volcanic Field";"Germany";"50.17";"6.85";"600";""
"";"Methana";"Greece";"37.619";"23.333";"380";""
"";"Milos";"Greece";"36.699";"24.439";"751";""
"";"Nisyros";"Greece";"36.589";"27.155";"698";""
"";"Santorini";"Greece";"36.404";"25.396";"367";""
"";"Yali";"Greece";"36.671";"27.14";"180";""
"";"Acatenango";"Guatemala";"14.501";"-90.876";"3976";""
"";"Agua";"Guatemala";"14.465";"-90.743";"3760";""
"";"Almolonga";"Guatemala";"14.797";"-91.519";"3173";""
"";"Atitlan";"Guatemala";"14.583";"-91.186";"3535";""
"";"Chingo";"Guatemala";"14.12";"-89.73";"1775";""
"";"Chiquimula Volcanic Field";"Guatemala";"14.83";"-89.55";"1192";""
"";"Cuilapa-Barbarena";"Guatemala";"14.33";"-90.4";"1454";""
"";"Flores";"Guatemala";"14.308";"-89.992";"1600";""
"";"Fuego";"Guatemala";"14.473";"-90.88";"3763";""
"";"Ipala";"Guatemala";"14.55";"-89.63";"1650";""
"";"Ixtepeque";"Guatemala";"14.42";"-89.68";"1292";""
"";"Jumaytepeque";"Guatemala";"14.34";"-90.271";"1802";""
"";"Moyuta";"Guatemala";"14.03";"-90.1";"1662";""
"";"Pacaya";"Guatemala";"14.382";"-90.601";"2569";""
"";"Quezaltepeque";"Guatemala";"14.57";"-89.45";"1200";""
"";"Santa Maria";"Guatemala";"14.757";"-91.552";"3745";""
"";"Santiago, Cerro";"Guatemala";"14.33";"-89.87";"1192";""
"";"Suchitan";"Guatemala";"14.4";"-89.78";"2042";""
"";"Tahual";"Guatemala";"14.43";"-89.9";"1716";""
"";"Tajumulco";"Guatemala";"15.043";"-91.903";"4203";""
"";"Tecuamburro";"Guatemala";"14.156";"-90.407";"1845";""
"";"Toliman";"Guatemala";"14.612";"-91.189";"3158";""
"";"Amasing";"Indonesia";"-0.525";"127.496";"1006";""
"";"Bibinoi";"Indonesia";"-0.761";"127.725";"932";""
"";"Dukono";"Indonesia";"1.699";"127.878";"1273";""
"";"Gamalama";"Indonesia";"0.81";"127.332";"1714";""
"";"Gamkonora";"Indonesia";"1.38";"127.53";"1635";""
"";"Hiri";"Indonesia";"0.9";"127.32";"630";""
"";"Ibu";"Indonesia";"1.488";"127.63";"1325";""
"";"Jailolo";"Indonesia";"1.08";"127.439";"993";""
"";"Kie Besi";"Indonesia";"0.32";"127.4";"1357";""
"";"Kie Matubu";"Indonesia";"0.662";"127.403";"1713";""
"";"Mare";"Indonesia";"0.57";"127.4";"308";""
"";"Moti";"Indonesia";"0.454";"127.411";"927";""
"";"Tarakan";"Indonesia";"1.832";"127.825";"317";""
"";"Tigalalu";"Indonesia";"0.07";"127.42";"422";""
"";"Tobaru";"Indonesia";"1.63";"127.67";"1035";""
"";"Todoko-Ranu";"Indonesia";"1.239";"127.456";"979";""
"";"Haleakala";"United States";"20.708";"-156.25";"3055";""
"";"Hualalai";"United States";"19.692";"-155.87";"2523";""
"";"Kama'ehuakanaloa";"United States";"18.92";"-155.27";"-975";""
"";"Kilauea";"United States";"19.421";"-155.287";"1222";""
"";"Mauna Kea";"United States";"19.82";"-155.47";"4205";""
"";"Mauna Loa";"United States";"19.475";"-155.608";"4170";""
"";"Unnamed";"United States";"21.75";"-158.75";"-3000";""
"";"Unnamed";"United States";"23.58";"-163.83";"-4000";""
"";"Akan";"Japan";"43.384";"144.013";"1499";""
"";"Esan";"Japan";"41.805";"141.166";"618";""
"";"Hokkaido-Komagatake";"Japan";"42.063";"140.677";"1131";""
"";"Kussharo";"Japan";"43.615";"144.427";"574";""
"";"Kuttara";"Japan";"42.491";"141.16";"549";""
"";"Mashu";"Japan";"43.572";"144.561";"857";""
"";"Niseko";"Japan";"42.875";"140.659";"1308";""
"";"Oshima-Oshima";"Japan";"41.51";"139.367";"732";""
"";"Rausudake";"Japan";"44.076";"145.122";"1660";""
"";"Rishirizan";"Japan";"45.179";"141.242";"1721";""
"";"Shikaribetsu Group";"Japan";"43.28";"143.08";"1430";""
"";"Shikotsu";"Japan";"42.688";"141.38";"1320";""
"";"Shiretoko-Iozan";"Japan";"44.133";"145.161";"1562";""
"";"Taisetsuzan";"Japan";"43.664";"142.854";"2291";""
"";"Tenchozan";"Japan";"44.044";"145.086";"1046";""
"";"Tokachidake";"Japan";"43.418";"142.686";"2077";""
"";"Toya";"Japan";"42.544";"140.839";"733";""
"";"Yoteizan";"Japan";"42.827";"140.812";"1888";""
"";"Tigre, Isla del";"Honduras";"13.274";"-87.639";"774";""
"";"Utila Island";"Honduras";"16.1";"-86.9";"74";""
"";"Yojoa, Lago";"Honduras";"14.964";"-87.983";"1060";""
"";"Zacate Grande, Isla";"Honduras";"13.33";"-87.63";"640";""
"";"Abu";"Japan";"34.483";"131.517";"641";""
"";"Adatarayama";"Japan";"37.647";"140.281";"1728";""
"";"Akagisan";"Japan";"36.56";"139.193";"1828";""
"";"Akandanayama";"Japan";"36.2";"137.573";"2109";""
"";"Akita-Komagatake";"Japan";"39.761";"140.799";"1637";""
"";"Akita-Yakeyama";"Japan";"39.964";"140.757";"1366";""
"";"Asamayama";"Japan";"36.406";"138.523";"2568";""
"";"Azumayama";"Japan";"37.735";"140.244";"1949";""
"";"Bandaisan";"Japan";"37.601";"140.072";"1816";""
"";"Chokaisan";"Japan";"39.099";"140.049";"2236";""
"";"Fujisan";"Japan";"35.361";"138.728";"3776";""
"";"Hachimantai";"Japan";"39.958";"140.854";"1613";""
"";"Hakkodasan";"Japan";"40.659";"140.877";"1585";""
"";"Hakoneyama";"Japan";"35.233";"139.021";"1438";""
"";"Hakusan";"Japan";"36.155";"136.771";"2702";""
"";"Harunasan";"Japan";"36.477";"138.851";"1449";""
"";"Hijiori";"Japan";"38.599";"140.162";"552";""
"";"Hiuchigatake";"Japan";"36.955";"139.285";"2356";""
"";"Iwakisan";"Japan";"40.656";"140.303";"1625";""
"";"Iwatesan";"Japan";"39.853";"141.001";"2038";""
"";"Izu-Tobu";"Japan";"34.9";"139.098";"1406";""
"";"Kurikomayama";"Japan";"38.961";"140.788";"1627";""
"";"Kusatsu-Shiranesan";"Japan";"36.618";"138.528";"2165";""
"";"Megata";"Japan";"39.95";"139.73";"160";""
"";"Midagahara";"Japan";"36.571";"137.59";"2621";""
"";"Myokosan";"Japan";"36.891";"138.114";"2454";""
"";"Nantaisan";"Japan";"36.765";"139.491";"2486";""
"";"Naruko";"Japan";"38.729";"140.734";"470";""
"";"Nasudake";"Japan";"37.125";"139.963";"1915";""
"";"Niigata-Yakeyama";"Japan";"36.921";"138.036";"2400";""
"";"Nikko-Shiranesan";"Japan";"36.799";"139.376";"2578";""
"";"Norikuradake";"Japan";"36.106";"137.554";"3026";""
"";"Numazawa";"Japan";"37.444";"139.566";"835";""
"";"Oki-Dogo";"Japan";"36.176";"133.334";"151";""
"";"Omanago Group";"Japan";"36.807";"139.476";"2341";""
"";"Ontakesan";"Japan";"35.893";"137.48";"3067";""
"";"Osorezan";"Japan";"41.279";"141.12";"878";""
"";"Sanbesan";"Japan";"35.141";"132.622";"1126";""
"";"Shiga";"Japan";"36.688";"138.519";"2041";""
"";"Takaharayama";"Japan";"36.9";"139.777";"1795";""
"";"Towada";"Japan";"40.51";"140.88";"1011";""
"";"Washiba-Kumonotaira";"Japan";"36.408";"137.594";"2924";""
"";"Yakedake";"Japan";"36.227";"137.587";"2455";""
"";"Yokodake";"Japan";"36.087";"138.32";"2480";""
"";"Zaozan [Zaosan]";"Japan";"38.144";"140.44";"1841";""
"";"Theistareykir";"Iceland";"65.883";"-16.967";"563";""
"";"Manareyjar";"Iceland";"66.3";"-17.1";"0";""
"";"Kolbeinsey Ridge";"Iceland";"66.67";"-18.5";"5";""
"";"Tjornes Fracture Zone";"Iceland";"66.309";"-17.118";"-75";""
"";"Askja";"Iceland";"65.033";"-16.783";"1080";""
"";"Bardarbunga";"Iceland";"64.633";"-17.516";"2000";""
"";"Fremrinamar";"Iceland";"65.416";"-16.666";"970";""
"";"Grimsvotn";"Iceland";"64.416";"-17.316";"1719";""
"";"Heidarspordar";"Iceland";"65.583";"-16.817";"490";""
"";"Krafla";"Iceland";"65.715";"-16.728";"800";""
"";"Kverkfjoll";"Iceland";"64.653";"-16.647";"1930";""
"";"Lakagigar";"Iceland";"64.42";"-17.33";"1725";""
"";"Snaefell";"Iceland";"64.798";"-15.56";"1833";""
"";"Thordarhyrna";"Iceland";"64.267";"-17.617";"1650";""
"";"Trollagigar";"Iceland";"64.43";"-18.13";"1000";""
"";"Tungnafellsjokull";"Iceland";"64.75";"-17.916";"1523";""
"";"Eyjafjallajokull";"Iceland";"63.633";"-19.633";"1651";""
"";"Hekla";"Iceland";"63.983";"-19.666";"1490";""
"";"Hromundartindur";"Iceland";"64.083";"-21.333";"550";""
"";"Katla";"Iceland";"63.633";"-19.083";"1490";""
"";"Krakagiger";"Iceland";"63.98";"-19.7";"1491";""
"";"Lambafit";"Iceland";"64.08";"-19.4";"550";""
"";"Mundafell";"Iceland";"63.98";"-19.7";"1491";""
"";"Thordarhyrna";"Iceland";"62.27";"-17.6";"1659";""
"";"Tindfjallajokull";"Iceland";"63.783";"-19.716";"1464";""
"";"Torfajokull";"Iceland";"63.892";"-19.122";"1280";""
"";"Vestmannaeyjar";"Iceland";"63.416";"-20.266";"283";""
"";"Esjufjoll";"Iceland";"64.25";"-16.583";"1620";""
"";"Oraefajokull";"Iceland";"64";"-16.65";"2010";""
"";"Brennisteinsfjoll";"Iceland";"63.933";"-21.783";"610";""
"";"Eldey";"Iceland";"63.733";"-23";"70";""
"";"Grimsnes";"Iceland";"64.05";"-20.883";"200";""
"";"Hengill";"Iceland";"64.083";"-21.416";"803";""
"";"Hofsjokull";"Iceland";"64.833";"-18.766";"1765";""
"";"Kristnitokugigar";"Iceland";"63.98";"-21.42";"301";""
"";"Krysuvik-Trolladyngja";"Iceland";"63.917";"-22.067";"360";""
"";"Oddnyjarhnjukur-Langjokull";"Iceland";"64.85";"-19.7";"1100";""
"";"Prestahnukur";"Iceland";"64.583";"-20.666";"1385";""
"";"Reykjanes";"Iceland";"63.817";"-22.717";"140";""
"";"Reykjaneshryggur";"Iceland";"63.67";"-23.33";"80";""
"";"Helgrindur";"Iceland";"64.866";"-23.283";"986";""
"";"Ljosufjoll";"Iceland";"64.9";"-22.483";"1063";""
"";"Snaefellsjokull";"Iceland";"64.8";"-23.783";"1446";""
"";"Unnamed";"Indian Ocean";"11.75";"80.75";"0";""
"";"Est, Ile de l'";"French Southern & Antarctic Lands";"-46.43";"52.2";"1090";""
"";"Kerguelen Islands";"French Southern & Antarctic Lands";"-49.58";"69.5";"1840";""
"";"Heard";"Heard I. & McDonald Is.";"-53.106";"73.513";"2745";""
"";"Amsterdam Island";"Indian Ocean";"-37.83";"77.52";"881";""
"";"Cochons, Ile Aux";"Indian Ocean";"-46.1";"50.23";"775";""
"";"McDonald Islands";"Indian Ocean";"-53.03";"72.6";"230";""
"";"Possession, Ile de la";"Indian Ocean";"-46.42";"51.75";"934";""
"";"Prince Edward Island";"Indian Ocean";"-46.63";"37.95";"672";""
"";"St. Paul";"Indian Ocean";"-38.72";"77.53";"268";""
"";"Marion Island";"South Africa";"-46.9";"37.75";"1230";""
"";"Grille, La";"Comoros";"-11.47";"43.33";"1087";""
"";"Karthala";"Comoros";"-11.75";"43.38";"2361";""
"";"Mayotte";"France";"-12.83";"45.17";"660";""
"";"Fournaise, Piton de la";"Reunion";"-21.244";"55.708";"2632";""
"";"Boomerang Seamount";"Antarctica";"-37.722";"77.822";"-650";""
"";"Krakatau";"Indonesia";"-6.101";"105.423";"285";""
"";"Bazman";"Iran";"28.07";"60";"3490";""
"";"Damavand";"Iran";"35.951";"52.109";"5670";""
"";"Kuh-e Nader";"Iran";"28.17";"60.67";"1500";""
"";"Qal'eh Hasan Ali";"Iran";"29.4";"57.57";"0";""
"";"Sabalan";"Iran";"38.268";"47.835";"4784";""
"";"Sahand";"Iran";"37.75";"46.43";"3707";""
"";"Taftan";"Iran";"28.6";"61.13";"3940";""
"";"Unnamed";"Iran";"39.25";"45.167";"";""
"";"Campi Flegrei";"Italy";"40.827";"14.139";"458";""
"";"Campi Flegrei del Mar di Sicilia";"Italy";"37.1";"12.7";"-8";""
"";"Colli Albani";"Italy";"41.757";"12.725";"949";""
"";"Etna";"Italy";"37.748";"14.999";"3357";""
"";"Ischia";"Italy";"40.73";"13.897";"789";""
"";"Larderello";"Italy";"43.25";"10.87";"500";""
"";"Lipari";"Italy";"38.49";"14.933";"590";""
"";"Marsili";"Italy";"39.284";"14.399";"-779";""
"";"Palinuro";"Italy";"39.48";"14.83";"-70";""
"";"Panarea";"Italy";"38.638";"15.064";"399";""
"";"Pantelleria";"Italy";"36.77";"12.02";"836";""
"";"Stromboli";"Italy";"38.789";"15.213";"924";""
"";"Vesuvius";"Italy";"40.821";"14.426";"1281";""
"";"Vulcano";"Italy";"38.404";"14.962";"500";""
"";"Vulsini";"Italy";"42.6";"11.93";"800";""
"";"Aogashima";"Japan";"32.458";"139.759";"423";""
"";"Doyo Seamount";"Japan";"27.68";"140.8";"-590";""
"";"Hachijojima";"Japan";"33.137";"139.766";"854";""
"";"Izu-Oshima";"Japan";"34.724";"139.394";"746";""
"";"Izu-Torishima";"Japan";"30.484";"140.303";"394";""
"";"Kita-Bayonnaise";"Japan";"32.1";"139.85";"-360";""
"";"Kozushima";"Japan";"34.219";"139.153";"572";""
"";"Kurose Hole";"Japan";"33.4";"139.68";"-114";""
"";"Mikurajima";"Japan";"33.874";"139.602";"851";""
"";"Miyakejima";"Japan";"34.094";"139.526";"775";""
"";"Mokuyo Seamount";"Japan";"28.327";"140.572";"-933";""
"";"Myojinsho";"Japan";"31.888";"139.918";"11";""
"";"Niijima";"Japan";"34.397";"139.27";"432";""
"";"Sofugan";"Japan";"29.794";"140.342";"99";""
"";"Sumisujima";"Japan";"31.44";"140.051";"136";""
"";"Toshima";"Japan";"34.52";"139.279";"508";""
"";"Maruyama";"Japan";"43.418";"143.031";"2013";""
"";"Arjuno-Welirang";"Indonesia";"-7.733";"112.575";"3343";""
"";"Baluran";"Indonesia";"-7.85";"114.37";"1247";""
"";"Ciremai";"Indonesia";"-6.895";"108.408";"3039";""
"";"Dieng Volcanic Complex";"Indonesia";"-7.2";"109.879";"2565";""
"";"Galunggung";"Indonesia";"-7.25";"108.058";"2168";""
"";"Gede-Pangrango";"Indonesia";"-6.786";"106.983";"3026";""
"";"Guntur";"Indonesia";"-7.143";"107.841";"2251";""
"";"Ijen";"Indonesia";"-8.058";"114.242";"2769";""
"";"Iyang-Argapura";"Indonesia";"-7.97";"113.57";"3088";""
"";"Karaha, Kawah";"Indonesia";"-7.12";"108.08";"1155";""
"";"Karang";"Indonesia";"-6.268";"106.05";"1768";""
"";"Kawi-Butak";"Indonesia";"-7.92";"112.45";"2651";""
"";"Kelud";"Indonesia";"-7.935";"112.314";"1730";""
"";"Kendang";"Indonesia";"-7.245";"107.709";"2594";""
"";"Kiaraberes-Gagak";"Indonesia";"-6.73";"106.65";"1511";""
"";"Lamongan";"Indonesia";"-7.981";"113.341";"1641";""
"";"Lawu";"Indonesia";"-7.625";"111.192";"3265";""
"";"Lurus";"Indonesia";"-7.7";"113.58";"539";""
"";"Malabar";"Indonesia";"-7.13";"107.65";"2343";""
"";"Malang Plain";"Indonesia";"-8.02";"112.68";"680";""
"";"Merapi";"Indonesia";"-7.54";"110.446";"2910";""
"";"Merbabu";"Indonesia";"-7.454";"110.44";"3118";""
"";"Muria";"Indonesia";"-6.62";"110.88";"1625";""
"";"Papandayan";"Indonesia";"-7.32";"107.73";"2665";""
"";"Patuha";"Indonesia";"-7.162";"107.4";"2422";""
"";"Penanggungan";"Indonesia";"-7.616";"112.62";"1631";""
"";"Perbakti-Gagak";"Indonesia";"-6.75";"106.675";"1726";""
"";"Pulosari";"Indonesia";"-6.343";"105.978";"1324";""
"";"Raung";"Indonesia";"-8.119";"114.056";"3260";""
"";"Salak";"Indonesia";"-6.716";"106.733";"2218";""
"";"Semeru";"Indonesia";"-8.108";"112.922";"3657";""
"";"Slamet";"Indonesia";"-7.242";"109.208";"3428";""
"";"Sumbing";"Indonesia";"-7.384";"110.07";"3371";""
"";"Sundoro";"Indonesia";"-7.302";"109.996";"3147";""
"";"Talagabodas";"Indonesia";"-7.208";"108.07";"2201";""
"";"Tampomas";"Indonesia";"-6.764";"107.961";"1690";""
"";"Tangkuban Parahu";"Indonesia";"-6.77";"107.6";"2084";""
"";"Telomoyo";"Indonesia";"-7.362";"110.4";"1864";""
"";"Tengger Caldera";"Indonesia";"-7.942";"112.95";"2329";""
"";"Ungaran";"Indonesia";"-7.188";"110.346";"2033";""
"";"Wayang-Windu";"Indonesia";"-7.208";"107.63";"2182";""
"";"Wilis";"Indonesia";"-7.808";"111.758";"2563";""
"";"Akademia Nauk";"Russia";"53.98";"159.45";"1180";""
"";"Akhtang";"Russia";"55.43";"158.65";"1956";""
"";"Alney-Chashakondzha";"Russia";"56.656";"159.647";"2570";""
"";"Alngey";"Russia";"57.702";"160.418";"1822";""
"";"Anaun";"Russia";"56.32";"158.83";"1828";""
"";"Asacha";"Russia";"52.355";"157.827";"1910";""
"";"Avachinsky";"Russia";"53.256";"158.836";"2717";""
"";"Bakening";"Russia";"53.905";"158.07";"2278";""
"";"Barkhatnaya Sopka";"Russia";"52.802";"158.24";"874";""
"";"Belenkaya";"Russia";"51.75";"157.27";"892";""
"";"Bely";"Russia";"57.88";"160.53";"2080";""
"";"Bezymianny";"Russia";"55.972";"160.595";"2882";""
"";"Bliznets";"Russia";"56.97";"159.78";"1244";""
"";"Bliznetsy";"Russia";"57.35";"161.37";"265";""
"";"Bolshe-Bannaya";"Russia";"52.9";"157.78";"1200";""
"";"Bolshoi Payalpan";"Russia";"55.88";"157.78";"1906";""
"";"Bolshoi Semiachik";"Russia";"54.32";"160.02";"1720";""
"";"Bolshoi-Kekuknaysky";"Russia";"56.483";"157.917";"1401";""
"";"Cherny";"Russia";"56.82";"159.67";"1778";""
"";"Cherpuk Group";"Russia";"55.55";"157.47";"1868";""
"";"Diky Greben";"Russia";"51.452";"156.978";"1040";""
"";"Dzenzursky";"Russia";"53.637";"158.922";"2285";""
"";"Eggella";"Russia";"56.57";"158.52";"1046";""
"";"Elovsky";"Russia";"57.55";"160.53";"1381";""
"";"Fedotych";"Russia";"57.13";"160.4";"965";""
"";"Gamchen";"Russia";"54.974";"160.703";"2539";""
"";"Geodesistoy";"Russia";"56.33";"158.67";"1170";""
"";"Golaya";"Russia";"52.263";"157.787";"858";""
"";"Gorely";"Russia";"52.555";"158.036";"1799";""
"";"Gorny Institute";"Russia";"57.33";"160.2";"2125";""
"";"Ichinsky";"Russia";"55.678";"157.718";"3596";""
"";"Iettunup";"Russia";"58.4";"161.08";"1340";""
"";"Iktunup";"Russia";"58.08";"160.77";"2300";""
"";"Iliinsky";"Russia";"51.498";"157.203";"1555";""
"";"Kaileney";"Russia";"57.8";"160.67";"1582";""
"";"Kambalny";"Russia";"51.306";"156.875";"2116";""
"";"Kamen";"Russia";"56.02";"160.593";"4585";""
"";"Karymsky";"Russia";"54.049";"159.443";"1513";""
"";"Kebeney";"Russia";"57.1";"159.93";"1527";""
"";"Kekurny";"Russia";"56.4";"158.85";"1377";""
"";"Kell";"Russia";"51.65";"157.35";"900";""
"";"Khangar";"Russia";"54.761";"157.407";"1967";""
"";"Khodutka";"Russia";"52.062";"157.711";"2039";""
"";"Kikhpinych";"Russia";"54.489";"160.251";"1515";""
"";"Kinenin";"Russia";"57.35";"160.97";"583";""
"";"Kizimen";"Russia";"55.131";"160.32";"2334";""
"";"Klyuchevskoy";"Russia";"56.056";"160.642";"4754";""
"";"Komarov";"Russia";"55.033";"160.725";"2065";""
"";"Koryaksky";"Russia";"53.321";"158.712";"3430";""
"";"Koshelev";"Russia";"51.356";"156.753";"1822";""
"";"Kostakan";"Russia";"53.833";"158.052";"1150";""
"";"Kozyrevsky";"Russia";"55.58";"158.38";"2016";""
"";"Krainy";"Russia";"56.37";"159.03";"1554";""
"";"Krasheninnikov";"Russia";"54.596";"160.27";"1816";""
"";"Kronotsky";"Russia";"54.753";"160.533";"3482";""
"";"Ksudach";"Russia";"51.844";"157.572";"1079";""
"";"Kulkev";"Russia";"56.37";"158.37";"915";""
"";"Kurile Lake";"Russia";"51.45";"157.12";"81";""
"";"Leutongey";"Russia";"57.306";"159.827";"1318";""
"";"Maly Payalpan";"Russia";"55.82";"157.98";"1802";""
"";"Maly Semyachik";"Russia";"54.135";"159.674";"1527";""
"";"Mashkovtsev";"Russia";"51.1";"156.72";"503";""
"";"Mezhdusopochny";"Russia";"57.47";"160.25";"1641";""
"";"Mutnovsky";"Russia";"52.449";"158.196";"2288";""
"";"Nylgimelkin";"Russia";"57.97";"160.65";"1764";""
"";"Olkoviy Volcanic Group";"Russia";"52.02";"157.53";"681";""
"";"Opala";"Russia";"52.543";"157.339";"2439";""
"";"Ostanets";"Russia";"52.146";"157.322";"719";""
"";"Ostry";"Russia";"58.18";"160.82";"2552";""
"";"Otdelniy";"Russia";"52.221";"157.435";"814";""
"";"Ozernoy";"Russia";"51.88";"157.38";"562";""
"";"Piratkovsky";"Russia";"52.113";"157.849";"1322";""
"";"Plosky";"Russia";"55.2";"158.47";"1236";""
"";"Plosky";"Russia";"57.83";"160.25";"1255";""
"";"Pogranychny";"Russia";"56.85";"159.8";"1427";""
"";"Romanovka";"Russia";"55.65";"158.8";"1442";""
"";"Schmidt";"Russia";"54.92";"160.63";"2020";""
"";"Sedanka Lava Field";"Russia";"57.317";"160.067";"1399";""
"";"Severny";"Russia";"58.28";"160.87";"1936";""
"";"Sheveluch";"Russia";"56.653";"161.36";"3283";""
"";"Shisheika";"Russia";"57.153";"161.09";"355";""
"";"Shishel";"Russia";"57.45";"160.37";"2525";""
"";"Snegovoy";"Russia";"58.2";"160.97";"2169";""
"";"Snezhniy";"Russia";"58.02";"160.8";"2169";""
"";"Spokoiny";"Russia";"58.13";"160.82";"2171";""
"";"Taunshits";"Russia";"54.528";"159.804";"2301";""
"";"Terpuk";"Russia";"57.2";"159.83";"765";""
"";"Titila";"Russia";"57.406";"160.108";"1523";""
"";"Tolbachik";"Russia";"55.832";"160.326";"3611";""
"";"Tolmachev Dol";"Russia";"52.63";"157.58";"1021";""
"";"Tuzovsky";"Russia";"57.32";"159.967";"1516";""
"";"Udina";"Russia";"55.758";"160.527";"2886";""
"";"Uka";"Russia";"57.706";"160.59";"1607";""
"";"Uksichan";"Russia";"56.08";"158.38";"1692";""
"";"Unnamed";"Russia";"56.82";"158.95";"1185";""
"";"Unnamed";"Russia";"52.57";"157.02";"610";""
"";"Unnamed";"Russia";"52.92";"158.52";"450";""
"";"Unnamed";"Russia";"52.88";"158.3";"700";""
"";"Unnamed";"Russia";"55.92";"161.75";"0";""
"";"Ushkovsky";"Russia";"56.113";"160.509";"3943";""
"";"Uzon";"Russia";"54.489";"159.974";"1617";""
"";"Veer";"Russia";"53.753";"158.448";"520";""
"";"Verkhovoy";"Russia";"56.52";"159.53";"1400";""
"";"Vilyuchinsky";"Russia";"52.7";"158.28";"2173";""
"";"Visokiy";"Russia";"52.435";"157.933";"1227";""
"";"Voyampolsky";"Russia";"58.374";"160.631";"1103";""
"";"Vysoky";"Russia";"55.064";"160.765";"2129";""
"";"Yavinsky";"Russia";"51.533";"156.629";"646";""
"";"Zaozerny";"Russia";"56.88";"159.95";"1349";""
"";"Zavaritsky";"Russia";"53.905";"158.385";"1567";""
"";"Zheltovsky";"Russia";"51.577";"157.328";"1926";""
"";"Zhupanovsky";"Russia";"53.589";"159.15";"2899";""
"";"Zimina";"Russia";"55.862";"160.603";"3057";""
"";"Piip";"Russia";"55.42";"167.33";"-300";""
"";"Brimstone Island";"New Zealand";"-30.23";"-178.92";"-2000";""
"";"Curtis Island";"New Zealand";"-30.543";"-178.556";"47";""
"";"Giggenbach";"New Zealand";"-30.036";"-178.712";"-65";""
"";"Havre Seamount";"New Zealand";"-31.08";"-179.033";"-897";""
"";"Macauley";"New Zealand";"-30.21";"-178.475";"238";""
"";"Monowai";"New Zealand";"-25.887";"-177.188";"-132";""
"";"Raoul Island";"New Zealand";"-29.27";"-177.92";"516";""
"";"Unnamed";"New Zealand";"-29.18";"-177.87";"-560";""
"";"Wright";"New Zealand";"-31.85";"-179.18";"-900";""
"";"Ch'uga-ryong";"North Korea";"38.33";"127.33";"452";""
"";"Xianjindao";"North Korea";"41.33";"128";"0";""
"";"Halla";"South Korea";"33.361";"126.53";"1919";""
"";"Ulleungdo";"South Korea";"37.5";"130.87";"984";""
"";"Alaid";"Russia";"50.861";"155.565";"2285";""
"";"Berutarubesan [Berutarube]";"Russia";"44.462";"146.932";"1221";""
"";"Chachadake [Tiatia]";"Russia";"44.353";"146.252";"1822";""
"";"Chikurachki";"Russia";"50.324";"155.461";"1781";""
"";"Chirinkotan";"Russia";"48.98";"153.48";"724";""
"";"Chirippusan [Chirip]";"Russia";"45.338";"147.92";"1587";""
"";"Chirpoi";"Russia";"46.532";"150.871";"742";""
"";"Ebeko";"Russia";"50.686";"156.014";"1103";""
"";"Ekarma";"Russia";"48.958";"153.93";"1170";""
"";"Etorofu-Atosanupuri [Atosanupuri]";"Russia";"44.808";"147.131";"1206";""
"";"Etorofu-Yakeyama [Grozny Group]";"Russia";"45.012";"147.871";"1158";""
"";"Fuss Peak";"Russia";"50.267";"155.246";"1742";""
"";"Goriaschaia Sopka";"Russia";"46.83";"151.75";"891";""
"";"Hitokappu Volcano Group";"Russia";"44.857";"147.403";"1610";""
"";"Ivao Group";"Russia";"45.759";"149.676";"1426";""
"";"Karpinsky Group";"Russia";"50.148";"155.373";"1326";""
"";"Ketoi";"Russia";"47.35";"152.475";"1172";""
"";"Kharimkotan";"Russia";"49.12";"154.508";"1145";""
"";"Kolokol Group";"Russia";"46.042";"150.083";"1328";""
"";"Lomonosov Group";"Russia";"50.25";"155.43";"1681";""
"";"Milna";"Russia";"46.815";"151.786";"1504";""
"";"Moekeshiwan [Lvinaya Past]";"Russia";"44.608";"146.994";"528";""
"";"Moyorodake [Medvezhia]";"Russia";"45.389";"148.838";"1124";""
"";"Nemo Peak";"Russia";"49.57";"154.808";"1018";""
"";"Odamoisan [Tebenkov]";"Russia";"45.028";"147.918";"1208";""
"";"Prevo Peak";"Russia";"47.014";"152.117";"1360";""
"";"Raikoke";"Russia";"48.292";"153.25";"551";""
"";"Rakkibetsudake [Demon]";"Russia";"45.5";"148.85";"1205";""
"";"Rasshua";"Russia";"47.77";"153.02";"956";""
"";"Raususan [Mendeleev]";"Russia";"43.979";"145.733";"882";""
"";"Rucharuyama [Golets-Tornyi Group]";"Russia";"45.25";"148.35";"442";""
"";"Rudakov";"Russia";"45.874";"149.819";"532";""
"";"Ruruidake [Smirnov]";"Russia";"44.454";"146.139";"1486";""
"";"Sarychev Peak";"Russia";"48.092";"153.2";"1496";""
"";"Sashiusudake [Baransky]";"Russia";"45.1";"148.019";"1125";""
"";"Shirinki";"Russia";"50.2";"154.98";"761";""
"";"Sinarka";"Russia";"48.873";"154.182";"911";""
"";"Srednii";"Russia";"47.586";"152.893";"36";""
"";"Tao-Rusyr Caldera";"Russia";"49.34";"154.725";"1272";""
"";"Tomariyama [Golovnin]";"Russia";"43.844";"145.504";"535";""
"";"Tri Sestry";"Russia";"45.93";"149.92";"998";""
"";"Unnamed";"Russia";"46.1";"150.5";"-100";""
"";"Unnamed";"Russia";"46.47";"151.28";"-502";""
"";"Unnamed";"Russia";"48.08";"153.33";"-150";""
"";"Unnamed";"Russia";"45.022";"147.019";"-195";""
"";"Uratman";"Russia";"47.12";"152.25";"678";""
"";"Ushishur";"Russia";"47.513";"152.814";"357";""
"";"Vernadskii Ridge";"Russia";"50.55";"155.97";"1183";""
"";"Zavaritzki Caldera";"Russia";"46.918";"151.952";"612";""
"";"Aira";"Japan";"31.577";"130.659";"1117";""
"";"Asosan";"Japan";"32.885";"131.085";"1592";""
"";"Ata";"Japan";"31.22";"130.57";"924";""
"";"Fukue";"Japan";"32.657";"128.849";"315";""
"";"Kirishimayama";"Japan";"31.934";"130.862";"1700";""
"";"Kujusan";"Japan";"33.086";"131.249";"1791";""
"";"Unzendake";"Japan";"32.761";"130.299";"1483";""
"";"Yonemaru-Sumiyoshiike";"Japan";"31.771";"130.592";"40";""
"";"Yufu-Tsurumi";"Japan";"33.282";"131.39";"1584";""
"";"Agung";"Indonesia";"-8.343";"115.508";"2997";""
"";"Batur";"Indonesia";"-8.24";"115.378";"1711";""
"";"Buyan-Bratan";"Indonesia";"-8.283";"115.133";"2244";""
"";"Ebulobo";"Indonesia";"-8.817";"121.191";"2096";""
"";"Egon";"Indonesia";"-8.676";"122.455";"1661";""
"";"Iliboleng";"Indonesia";"-8.342";"123.258";"1659";""
"";"Ililabalekan";"Indonesia";"-8.55";"123.38";"1018";""
"";"Ilimuda";"Indonesia";"-8.479";"122.761";"881";""
"";"Iliwerung";"Indonesia";"-8.532";"123.573";"583";""
"";"Inielika";"Indonesia";"-8.73";"120.98";"1559";""
"";"Inierie";"Indonesia";"-8.875";"120.95";"2245";""
"";"Iya";"Indonesia";"-8.891";"121.641";"618";""
"";"Kelimutu";"Indonesia";"-8.77";"121.82";"1639";""
"";"Leroboleng";"Indonesia";"-8.365";"122.833";"1095";""
"";"Lewotobi";"Indonesia";"-8.542";"122.775";"1703";""
"";"Lewotobi Perempuan";"Indonesia";"-8.575";"122.78";"1703";""
"";"Lewotolok";"Indonesia";"-8.274";"123.508";"1431";""
"";"Ndete Napu";"Indonesia";"-8.72";"121.78";"750";""
"";"Paluweh";"Indonesia";"-8.32";"121.708";"875";""
"";"Poco Leok";"Indonesia";"-8.68";"120.48";"1675";""
"";"Ranakah";"Indonesia";"-8.637";"120.53";"2288";""
"";"Rinjani";"Indonesia";"-8.42";"116.47";"3726";""
"";"Sangeang Api";"Indonesia";"-8.2";"119.07";"1912";""
"";"Sano, Wai";"Indonesia";"-8.735";"120.007";"1319";""
"";"Sirung";"Indonesia";"-8.497";"124.131";"1347";""
"";"Sukaria Caldera";"Indonesia";"-8.792";"121.77";"1500";""
"";"Tambora";"Indonesia";"-8.25";"118";"2850";""
"";"Tara, Batu";"Indonesia";"-7.791";"123.585";"633";""
"";"Yersey";"Indonesia";"-7.53";"123.95";"-3800";""
"";"Babuyan Claro";"Philippines";"19.524";"121.95";"1064";""
"";"Camiguin de Babuyanes";"Philippines";"18.83";"121.86";"712";""
"";"Didicas";"Philippines";"19.077";"122.202";"228";""
"";"Iraya";"Philippines";"20.469";"122.01";"1009";""
"";"Smith Volcano";"Philippines";"19.523";"121.94";"2090";""
"";"Unnamed";"Philippines";"20.33";"121.75";"-24";""
"";"Ambalatungan Group";"Philippines";"17.32";"121.1";"2329";""
"";"Amorong";"Philippines";"15.828";"120.805";"376";""
"";"Arayat";"Philippines";"15.2";"120.742";"1026";""
"";"Banahaw";"Philippines";"14.07";"121.48";"2158";""
"";"Bulusan";"Philippines";"12.769";"124.056";"1535";""
"";"Cagua";"Philippines";"18.222";"122.123";"1133";""
"";"Iriga";"Philippines";"13.458";"123.451";"1138";""
"";"Isarog";"Philippines";"13.658";"123.38";"1966";""
"";"Laguna Caldera";"Philippines";"14.42";"121.27";"743";""
"";"Malinao";"Philippines";"13.422";"123.597";"1548";""
"";"Malindig";"Philippines";"13.24";"122.018";"1157";""
"";"Mariveles";"Philippines";"14.527";"120.482";"1388";""
"";"Masaraga";"Philippines";"13.31";"123.598";"1294";""
"";"Mayon";"Philippines";"13.257";"123.685";"2462";""
"";"Natib";"Philippines";"14.72";"120.4";"1253";""
"";"Patoc";"Philippines";"17.147";"120.98";"1865";""
"";"Pinatubo";"Philippines";"15.13";"120.35";"1486";""
"";"Pocdol Mountains";"Philippines";"13.05";"123.958";"1102";""
"";"San Pablo Volcanic Field";"Philippines";"14.12";"121.3";"1090";""
"";"Santo Tomas";"Philippines";"16.33";"120.55";"2260";""
"";"Taal";"Philippines";"14.011";"120.998";"311";""
"";"Ambre-Bobaomby";"Madagascar";"-12.6";"49.15";"1475";""
"";"Ankaizina Field";"Madagascar";"-14.3";"48.67";"2878";""
"";"Itasy Volcanic Field";"Madagascar";"-19.033";"46.7";"1800";""
"";"Nosy-Be";"Madagascar";"-13.32";"48.48";"214";""
"";"Vakinankaratra";"Madagascar";"-19.85";"46.942";"2644";""
"";"Agrigan";"United States";"18.77";"145.67";"965";""
"";"Ahyi";"United States";"20.42";"145.03";"-75";""
"";"Alamagan";"United States";"17.6";"145.83";"744";""
"";"Anatahan";"United States";"16.35";"145.67";"790";""
"";"Asuncion";"United States";"19.671";"145.406";"857";""
"";"East Diamante";"United States";"15.93";"145.67";"-127";""
"";"Esmeralda Bank";"United States";"14.958";"145.249";"-74";""
"";"Farallon de Pajaros";"United States";"20.546";"144.893";"337";""
"";"Forecast Seamount";"United States";"13.4";"143.92";"-1456";""
"";"Guguan";"United States";"17.307";"145.845";"287";""
"";"Kasuga 2";"United States";"21.6";"143.637";"-274";""
"";"Mariana Back-Arc Segment at 15.5A�N";"United States";"15.406";"144.506";"-4100";""
"";"Maug Islands";"United States";"20.02";"145.22";"227";""
"";"NW Eifuku";"United States";"21.485";"144.043";"-1535";""
"";"NW Rota-1";"United States";"14.601";"144.775";"-517";""
"";"Pagan";"United States";"18.13";"145.8";"570";""
"";"Ruby";"United States";"15.605";"145.572";"-174";""
"";"Sarigan";"United States";"16.708";"145.78";"538";""
"";"Seamount X";"United States";"13.25";"144.02";"-1230";""
"";"South Sarigan Seamount";"United States";"16.58";"145.78";"-184";""
"";"Supply Reef";"United States";"20.13";"145.1";"-8";""
"";"Unnamed";"United States";"21";"142.9";"";""
"";"Unnamed";"United States";"20.3";"143.2";"";""
"";"Zealandia Bank";"United States";"16.88";"145.85";"0";""
"";"Atlixcos, Los";"Mexico";"19.81";"-96.527";"775";""
"";"Ceboruco";"Mexico";"21.125";"-104.508";"2280";""
"";"Chichinautzin";"Mexico";"19.139";"-99.16";"3938";""
"";"Chichon, El";"Mexico";"17.36";"-93.23";"1150";""
"";"Cofre de Perote";"Mexico";"19.492";"-97.15";"4282";""
"";"Colima";"Mexico";"19.514";"-103.62";"3850";""
"";"Comondu-La Purisima";"Mexico";"26";"-111.92";"780";""
"";"Coronado";"Mexico";"29.08";"-113.513";"440";""
"";"Cumbres, Las";"Mexico";"19.15";"-97.27";"3940";""
"";"Durango Volcanic Field";"Mexico";"24.15";"-104.45";"2075";""
"";"Gloria, La";"Mexico";"19.33";"-97.25";"3500";""
"";"Guadalupe";"Mexico";"29.07";"-118.28";"1100";""
"";"Humeros, Los";"Mexico";"19.68";"-97.45";"3150";""
"";"Isabel, Isla";"Mexico";"21.848";"-105.886";"95";""
"";"Iztaccihuatl";"Mexico";"19.179";"-98.642";"5230";""
"";"Jaraguay Volcanic Field";"Mexico";"29.33";"-114.5";"960";""
"";"Jocotitlan";"Mexico";"19.73";"-99.758";"3900";""
"";"Malinche, La";"Mexico";"19.231";"-98.032";"4461";""
"";"Mascota Volcanic Field";"Mexico";"20.567";"-104.817";"2525";""
"";"Michoacan-Guanajuato";"Mexico";"19.85";"-101.75";"3860";""
"";"Naolinco Volcanic Field";"Mexico";"19.67";"-96.75";"2000";""
"";"Orizaba, Pico de";"Mexico";"19.03";"-97.27";"5564";""
"";"Papayo";"Mexico";"19.308";"-98.7";"3600";""
"";"Paricutin Volcanic Field";"Mexico";"19.48";"-102.25";"3860";""
"";"Pinacate";"Mexico";"31.85";"-113.5";"1183";""
"";"Popocatepetl";"Mexico";"19.023";"-98.622";"5393";""
"";"Prieto, Cerro";"Mexico";"32.418";"-115.305";"223";""
"";"San Borja Volcanic Field";"Mexico";"28.5";"-113.75";"1360";""
"";"San Luis, Isla";"Mexico";"29.973";"-114.408";"183";""
"";"San Martin";"Mexico";"18.57";"-95.2";"1650";""
"";"San Quintin Volcanic Field";"Mexico";"30.468";"-115.996";"260";""
"";"Sanganguey";"Mexico";"21.45";"-104.73";"2340";""
"";"Serdan-Oriental";"Mexico";"19.27";"-97.47";"3485";""
"";"Tacana";"Mexico";"15.132";"-92.109";"4064";""
"";"Toluca, Nevado de";"Mexico";"19.108";"-99.758";"4680";""
"";"Tortuga, Isla";"Mexico";"27.438";"-111.881";"224";""
"";"Tres Virgenes";"Mexico";"27.47";"-112.591";"1934";""
"";"Unnamed";"Mexico";"28";"-115";"0";""
"";"Zitacuaro-Valle de Bravo";"Mexico";"19.4";"-100.25";"3500";""
"";"Barcena";"Mexico";"19.3";"-110.82";"332";""
"";"Socorro";"Mexico";"18.78";"-110.95";"1050";""
"";"Apo";"Philippines";"6.989";"125.269";"2938";""
"";"Balatocan";"Philippines";"8.8";"124.92";"2450";""
"";"Balut";"Philippines";"5.398";"125.376";"840";""
"";"Camiguin";"Philippines";"9.203";"124.673";"1552";""
"";"Kalatungan";"Philippines";"7.95";"124.8";"2824";""
"";"Latukan";"Philippines";"7.65";"124.47";"2338";""
"";"Leonard Range";"Philippines";"7.382";"126.047";"1080";""
"";"Makaturing";"Philippines";"7.644";"124.317";"1818";""
"";"Malindang";"Philippines";"8.22";"123.63";"2404";""
"";"Matutum";"Philippines";"6.36";"125.077";"2262";""
"";"Melebingoy";"Philippines";"6.113";"124.892";"1824";""
"";"Musuan";"Philippines";"7.877";"125.07";"610";""
"";"Paco";"Philippines";"9.593";"125.52";"524";""
"";"Ragang";"Philippines";"7.691";"124.507";"2790";""
"";"Bus-Obo";"Mongolia";"47.12";"109.08";"1162";""
"";"Dariganga Volcanic Field";"Mongolia";"45.754";"114.279";"1778";""
"";"Khanuy Gol";"Mongolia";"48.67";"102.75";"1886";""
"";"Middle Gobi";"Mongolia";"45.28";"106.7";"1120";""
"";"Taryatu-Chulutu";"Mongolia";"48.133";"99.95";"2326";""
"";"Bamus";"Papua New Guinea";"-5.2";"151.23";"2248";""
"";"Bola";"Papua New Guinea";"-5.141";"150.038";"1116";""
"";"Dakataua";"Papua New Guinea";"-5.046";"150.1";"408";""
"";"Garove";"Papua New Guinea";"-4.687";"149.511";"368";""
"";"Garua Harbour";"Papua New Guinea";"-5.3";"150.07";"565";""
"";"Hargy";"Papua New Guinea";"-5.33";"151.1";"1148";""
"";"Krummel-Garbuna-Welcker";"Papua New Guinea";"-5.416";"150.027";"564";""
"";"Langila";"Papua New Guinea";"-5.525";"148.42";"1330";""
"";"Lolo";"Papua New Guinea";"-5.466";"150.509";"796";""
"";"Lolobau";"Papua New Guinea";"-4.916";"151.162";"878";""
"";"Mundua";"Papua New Guinea";"-4.624";"149.339";"171";""
"";"Rabaul";"Papua New Guinea";"-4.246";"152.194";"688";""
"";"Sulu Range";"Papua New Guinea";"-5.5";"150.942";"610";""
"";"Tavui";"Papua New Guinea";"-4.109";"152.213";"200";""
"";"Ulawun";"Papua New Guinea";"-5.05";"151.33";"2334";""
"";"Unnamed";"Papua New Guinea";"-5.2";"148.57";"0";""
"";"Unnamed";"Papua New Guinea";"-4.75";"150.85";"0";""
"";"Witori";"Papua New Guinea";"-5.575";"150.516";"724";""
"";"Crater Mountain";"Papua New Guinea";"-6.58";"145.08";"3233";""
"";"Doma Peaks";"Papua New Guinea";"-5.9";"143.15";"3568";""
"";"Hydrographers Range";"Papua New Guinea";"-9";"148.37";"1915";""
"";"Koranga";"Papua New Guinea";"-7.33";"146.708";"1500";""
"";"Lamington";"Papua New Guinea";"-8.95";"148.15";"1680";""
"";"Madilogo";"Papua New Guinea";"-9.2";"147.57";"850";""
"";"Managlase Plateau";"Papua New Guinea";"-9.08";"148.33";"1342";""
"";"Musa River";"Papua New Guinea";"-9.308";"148.13";"808";""
"";"Sessagara";"Papua New Guinea";"-9.549";"149.151";"493";""
"";"Sessagara Hills";"Papua New Guinea";"-9.554";"149.128";"493";""
"";"Victory";"Papua New Guinea";"-9.2";"149.072";"1832";""
"";"Yelia";"Papua New Guinea";"-7.05";"145.858";"3384";""
"";"Bam";"Papua New Guinea";"-3.613";"144.818";"685";""
"";"Blup Blup";"Papua New Guinea";"-3.507";"144.605";"402";""
"";"Boisa";"Papua New Guinea";"-3.994";"144.963";"240";""
"";"Hankow Reef";"Papua New Guinea";"-4.883";"146.717";"-5";""
"";"Kadovar";"Papua New Guinea";"-3.608";"144.588";"365";""
"";"Karkar";"Papua New Guinea";"-4.647";"145.976";"1839";""
"";"Long Island";"Papua New Guinea";"-5.358";"147.12";"1280";""
"";"Manam";"Papua New Guinea";"-4.08";"145.037";"1807";""
"";"Ritter Island";"Papua New Guinea";"-5.519";"148.115";"75";""
"";"Sakar";"Papua New Guinea";"-5.414";"148.094";"992";""
"";"Umboi";"Papua New Guinea";"-5.592";"147.892";"1335";""
"";"Unnamed";"Papua New Guinea";"-4.311";"146.256";"-2000";""
"";"Ambitle";"Papua New Guinea";"-4.08";"153.65";"450";""
"";"Lihir";"Papua New Guinea";"-3.125";"152.642";"700";""
"";"Auckland Volcanic Field";"New Zealand";"-36.89";"174.81";"260";""
"";"Brothers";"New Zealand";"-34.875";"179.075";"-1350";""
"";"Clark";"New Zealand";"-36.446";"177.839";"-860";""
"";"Healy";"New Zealand";"-35.004";"178.973";"-980";""
"";"Kaikohe-Bay of Islands";"New Zealand";"-35.3";"173.9";"388";""
"";"Maroa";"New Zealand";"-38.42";"176.08";"897";""
"";"Mayor Island";"New Zealand";"-37.28";"176.25";"355";""
"";"Ngauruhoe";"New Zealand";"-39.158";"175.63";"2291";""
"";"Okataina";"New Zealand";"-38.157";"176.507";"1111";""
"";"Reporoa";"New Zealand";"-38.42";"176.33";"592";""
"";"Ruapehu";"New Zealand";"-39.28";"175.57";"2797";""
"";"Rumble II West";"New Zealand";"-35.353";"178.527";"-1200";""
"";"Rumble III";"New Zealand";"-35.745";"178.478";"-220";""
"";"Rumble IV";"New Zealand";"-36.13";"178.05";"-500";""
"";"Rumble V";"New Zealand";"-36.142";"178.196";"-400";""
"";"Tangaroa";"New Zealand";"-36.321";"178.028";"-600";""
"";"Taranaki";"New Zealand";"-39.3";"174.07";"2518";""
"";"Taupo";"New Zealand";"-38.781";"175.893";"760";""
"";"Tongariro";"New Zealand";"-39.157";"175.632";"1978";""
"";"Whakaari/White Island";"New Zealand";"-37.52";"177.18";"294";""
"";"Whangarei";"New Zealand";"-35.75";"174.27";"397";""
"";"Apoyeque";"Nicaragua";"12.242";"-86.342";"518";""
"";"Azul, Volcan";"Nicaragua";"12.53";"-83.87";"201";""
"";"Ciguatepe, Cerro El";"Nicaragua";"12.53";"-86.142";"603";""
"";"Concepcion";"Nicaragua";"11.538";"-85.622";"1700";""
"";"Cosiguina";"Nicaragua";"12.98";"-87.57";"872";""
"";"Esteli";"Nicaragua";"13.17";"-86.4";"899";""
"";"Granada";"Nicaragua";"11.9";"-85.979";"250";""
"";"Lajas, Las";"Nicaragua";"12.3";"-85.73";"926";""
"";"Las Pilas-El Hoyo Complex";"Nicaragua";"12.492";"-86.679";"1088";""
"";"Maderas";"Nicaragua";"11.446";"-85.515";"1394";""
"";"Masaya";"Nicaragua";"11.984";"-86.169";"594";""
"";"Mombacho";"Nicaragua";"11.826";"-85.968";"1344";""
"";"Momotombo";"Nicaragua";"12.423";"-86.539";"1270";""
"";"Negro, Cerro";"Nicaragua";"12.506";"-86.702";"728";""
"";"Nejapa-Miraflores";"Nicaragua";"12.12";"-86.32";"360";""
"";"Rota";"Nicaragua";"12.55";"-86.75";"832";""
"";"San Cristobal";"Nicaragua";"12.702";"-87.004";"1745";""
"";"Telica";"Nicaragua";"12.606";"-86.84";"1036";""
"";"Zapatera";"Nicaragua";"11.73";"-85.82";"629";""
"";"Galapagos Rift";"Pacific Ocean";"0.792";"-86.15";"-2430";""
"";"Galapagos Rift";"Pacific Ocean";"0.792";"-86.15";"-2430";""
"";"Northern EPR at 10.7A�N";"Pacific Ocean";"10.73";"-103.58";"-2900";""
"";"Northern EPR at 16A�N";"Pacific Ocean";"15.83";"-105.43";"-2300";""
"";"Northern EPR at 17A�N";"Pacific Ocean";"16.55";"-105.32";"-2700";""
"";"Northern EPR at 9.8A�N";"Pacific Ocean";"9.83";"-104.3";"-2500";""
"";"Southern EPR at 8A�S";"Pacific Ocean";"-8.27";"-107.95";"-2800";""
"";"Southern EPR-Segment I";"Pacific Ocean";"-18.53";"-113.42";"-2600";""
"";"Southern EPR-Segment J";"Pacific Ocean";"-18.175";"-113.35";"-2650";""
"";"Southern EPR-Segment K";"Pacific Ocean";"-17.436";"-113.206";"-2566";""
"";"Unnamed";"Pacific Ocean";"9.82";"-104.3";"-2500";""
"";"West Valley Segment";"Canada";"48.78";"-128.64";"-2550";""
"";"Axial Seamount";"Pacific Ocean";"45.95";"-130";"-1410";""
"";"Cleft Segment";"Pacific Ocean";"44.83";"-130.3";"-2140";""
"";"CoAxial Segment";"Pacific Ocean";"46.52";"-129.58";"-2400";""
"";"Cobb Segment";"Pacific Ocean";"46.88";"-129.33";"-2100";""
"";"East Blanco Depression";"Pacific Ocean";"44.267";"-129.879";"-3000";""
"";"Endeavour Segment";"Pacific Ocean";"47.95";"-129.1";"-2050";""
"";"Escanaba Segment";"Pacific Ocean";"40.98";"-127.5";"-1700";""
"";"Jackson Segment";"Pacific Ocean";"42.15";"-127.05";"-3100";""
"";"North Gorda Ridge Segment";"Pacific Ocean";"42.67";"-126.78";"-3000";""
"";"Unnamed";"Pacific Ocean";"31.75";"-124.25";"-2533";""
"";"Unnamed";"Pacific Ocean";"31.75";"-124.25";"-2533";""
"";"Antipodes Island";"New Zealand";"-49.683";"178.767";"402";""
"";"Hollister Ridge";"Pacific Ocean";"-53.998";"-139.845";"-1000";""
"";"Udintsev Transform";"Pacific Ocean";"-56.153";"-143.373";"-5700";""
"";"Unnamed";"Pacific Ocean";"-53.9";"-140.3";"-1000";""
"";"Baru";"Panama";"8.808";"-82.543";"3474";""
"";"Valle, El";"Panama";"8.58";"-80.17";"1185";""
"";"Andahua-Orcopampa";"Peru";"-15.42";"-72.33";"4713";""
"";"Auquihuato, Cerro";"Peru";"-15.07";"-73.18";"4980";""
"";"Casiri, Nevados";"Peru";"-17.485";"-69.789";"5650";""
"";"Chachani, Nevado";"Peru";"-16.191";"-71.53";"5626";""
"";"Coropuna";"Peru";"-15.52";"-72.65";"6377";""
"";"Huambo";"Peru";"-15.78";"-72.08";"4554";""
"";"Huaynaputina";"Peru";"-16.614";"-70.854";"4679";""
"";"Kimsachata-Oroscocha";"Peru";"-14.131";"-71.363";"3848";""
"";"Misti, El";"Peru";"-16.294";"-71.409";"5822";""
"";"Nicholson, Cerro";"Peru";"-16.261";"-71.754";"2525";""
"";"Sabancaya";"Peru";"-15.787";"-71.857";"5960";""
"";"Sara Sara";"Peru";"-15.33";"-73.45";"5522";""
"";"Ticsani";"Peru";"-16.759";"-70.598";"5382";""
"";"Tutupaca";"Peru";"-17.026";"-70.372";"5801";""
"";"Ubinas";"Peru";"-16.345";"-70.897";"5608";""
"";"Yucamane";"Peru";"-17.184";"-70.196";"5495";""
"";"Biliran";"Philippines";"11.523";"124.535";"1301";""
"";"Cabalian";"Philippines";"10.285";"125.218";"912";""
"";"Cuernos de Negros";"Philippines";"9.25";"123.17";"1862";""
"";"Kanlaon";"Philippines";"10.41";"123.13";"2422";""
"";"Mahagnao";"Philippines";"10.882";"124.888";"860";""
"";"Mandalagan";"Philippines";"10.65";"123.25";"1885";""
"";"Silay";"Philippines";"10.77";"123.23";"1510";""
"";"Hanish";"Yemen";"13.72";"42.73";"422";""
"";"Tair, Jebel at";"Yemen";"15.55";"41.83";"244";""
"";"Zubair Group";"Yemen";"15.05";"42.18";"191";""
"";"Zukur";"Yemen";"14.02";"42.75";"624";""
"";"Azas Plateau";"Russia";"52.433";"98.303";"2765";""
"";"Jom-Bolok";"Russia";"52.713";"99.021";"2047";""
"";"Southern Sikhote-Alin";"Russia";"44.5";"135.5";"0";""
"";"Tunkin Depression";"Russia";"51.5";"102.5";"1200";""
"";"Udokan Plateau";"Russia";"56.28";"117.77";"2180";""
"";"Vitim Volcanic Field";"Russia";"53.75";"113.25";"1250";""
"";"Elbrus";"Russia";"43.351";"42.442";"5642";""
"";"Akusekijima";"Japan";"29.465";"129.594";"555";""
"";"Io-Torishima";"Japan";"27.881";"128.223";"212";""
"";"Kikai";"Japan";"30.793";"130.305";"704";""
"";"Kuchino-shima";"Japan";"29.97";"129.93";"627";""
"";"Kuchinoerabujima";"Japan";"30.443";"130.217";"657";""
"";"Kuchinoshima";"Japan";"29.968";"129.926";"628";""
"";"Nakanoshima";"Japan";"29.859";"129.857";"979";""
"";"Submarine Volcano NNE of Iriomotejima";"Japan";"24.57";"123.93";"-200";""
"";"Suwanosejima";"Japan";"29.638";"129.714";"796";""
"";"Yokoatejima";"Japan";"28.797";"128.997";"495";""
"";"Tutuila";"American Samoa";"-14.29";"-170.702";"653";""
"";"Savaii";"Samoa";"-13.612";"-172.525";"1858";""
"";"Upolu";"Samoa";"-13.935";"-171.72";"1100";""
"";"Malumalu";"United States";"-14.601";"-169.787";"-145";""
"";"Ofu-Olosega";"United States";"-14.175";"-169.618";"639";""
"";"Ta'u";"United States";"-14.23";"-169.454";"931";""
"";"Vailulu'u";"United States";"-14.215";"-169.058";"-592";""
"";"Awu";"Indonesia";"3.689";"125.447";"1318";""
"";"Banua Wuhu";"Indonesia";"3.138";"125.491";"-5";""
"";"Karangetang";"Indonesia";"2.781";"125.407";"1797";""
"";"Ruang";"Indonesia";"2.3";"125.37";"725";""
"";"Unnamed";"Indonesia";"3.97";"124.17";"-5000";""
"";"Tinakula";"Solomon Is.";"-10.386";"165.804";"796";""
"";"Hainan Volcanic Field";"China";"19.905";"110.229";"196";""
"";"Leizhou Bandao";"China";"20.83";"109.78";"259";""
"";"Lower Chindwin";"Myanmar";"22.28";"95.1";"385";""
"";"Popa";"Myanmar";"20.92";"95.25";"1518";""
"";"Singu Plateau";"Myanmar";"22.7";"95.98";"507";""
"";"Bas Dong Nai";"Vietnam";"10.8";"107.2";"392";""
"";"Cendres, Ile des";"Vietnam";"10.158";"109.014";"-20";""
"";"Haut Dong Nai";"Vietnam";"11.6";"108.2";"1000";""
"";"Ly Son Group";"Vietnam";"15.38";"109.12";"157";""
"";"Toroeng Prong";"Vietnam";"14.93";"108";"800";""
"";"Veteran";"Vietnam";"9.83";"109.05";"-50";""
"";"Mehetia";"France";"-17.874";"-148.068";"389";""
"";"Moua Pihaa";"France";"-18.325";"-148.525";"-312";""
"";"Rocard";"France";"-17.662";"-148.586";"-2515";""
"";"Teahitia";"France";"-17.564";"-148.821";"-1743";""
"";"Adams Seamount";"Pacific Ocean";"-25.37";"-129.27";"-39";""
"";"Coleman Seamount";"Solomon Is.";"-8.841";"157.16";"-717";""
"";"Gallego";"Solomon Is.";"-9.35";"159.73";"1000";""
"";"Kana Keoki";"Solomon Is.";"-8.75";"157.03";"-700";""
"";"Kavachi";"Solomon Is.";"-8.991";"157.979";"-20";""
"";"Savo";"Solomon Is.";"-9.13";"159.82";"485";""
"";"Simbo";"Solomon Is.";"-8.292";"156.52";"335";""
"";"Unnamed";"Solomon Is.";"-8.92";"158.03";"-240";""
"";"Calatrava Volcanic Field";"Spain";"38.87";"-4.02";"1117";""
"";"Olot Volcanic Field";"Spain";"42.17";"2.53";"893";""
"";"Ambang";"Indonesia";"0.75";"124.42";"1795";""
"";"Colo";"Indonesia";"-0.162";"121.601";"404";""
"";"Klabat";"Indonesia";"1.454";"125.031";"1968";""
"";"Lokon-Empung";"Indonesia";"1.358";"124.792";"1580";""
"";"Mahawu";"Indonesia";"1.352";"124.865";"1299";""
"";"Riendengan-Sempu";"Indonesia";"1.13";"124.758";"1549";""
"";"Soputan";"Indonesia";"1.112";"124.737";"1785";""
"";"Tangkoko-Duasudara";"Indonesia";"1.518";"125.185";"1334";""
"";"Tondano Caldera";"Indonesia";"1.23";"124.83";"1202";""
"";"Bud Dajo";"Philippines";"5.95";"121.07";"440";""
"";"Besar";"Indonesia";"-4.43";"103.67";"1899";""
"";"Daun, Bukit";"Indonesia";"-3.38";"102.37";"2467";""
"";"Dempo";"Indonesia";"-4.016";"103.121";"3142";""
"";"Hulubelu";"Indonesia";"-5.334";"104.59";"849";""
"";"Hululais";"Indonesia";"-3.247";"102.239";"2122";""
"";"Hutapanjang";"Indonesia";"-2.33";"101.6";"2021";""
"";"Hutapanjang";"Indonesia";"-2.333";"101.6";"2021";""
"";"Imun";"Indonesia";"2.15";"98.93";"1505";""
"";"Kaba";"Indonesia";"-3.522";"102.615";"1940";""
"";"Kerinci";"Indonesia";"-1.697";"101.264";"3800";""
"";"Lubukraya";"Indonesia";"1.478";"99.209";"1862";""
"";"Lumut Balai, Bukit";"Indonesia";"-4.22";"103.62";"2055";""
"";"Malintang";"Indonesia";"0.47";"99.67";"1983";""
"";"Marapi";"Indonesia";"-0.38";"100.474";"2885";""
"";"Patah";"Indonesia";"-4.257";"103.306";"2836";""
"";"Pendan";"Indonesia";"-2.82";"102.02";"0";""
"";"Peuet Sague";"Indonesia";"4.903";"96.289";"2785";""
"";"Rajabasa";"Indonesia";"-5.78";"105.625";"1281";""
"";"Ranau";"Indonesia";"-4.871";"103.925";"1854";""
"";"Sarik-Gajah";"Indonesia";"0.074";"100.189";"737";""
"";"Sekincau Belirang";"Indonesia";"-5.107";"104.317";"1717";""
"";"Seulawah Agam";"Indonesia";"5.448";"95.658";"1810";""
"";"Sibualbuali";"Indonesia";"1.556";"99.255";"1819";""
"";"Sinabung";"Indonesia";"3.17";"98.392";"2460";""
"";"Singkut";"Indonesia";"3.238";"98.513";"2181";""
"";"Sorikmarapi";"Indonesia";"0.686";"99.539";"2145";""
"";"Sumbing";"Indonesia";"-2.414";"101.728";"2507";""
"";"Suoh";"Indonesia";"-5.25";"104.27";"1000";""
"";"Talakmau";"Indonesia";"0.079";"99.98";"2919";""
"";"Talang";"Indonesia";"-0.979";"100.681";"2575";""
"";"Tandikat-Singgalang";"Indonesia";"-0.39";"100.331";"2854";""
"";"Telong, Bur ni";"Indonesia";"4.769";"96.821";"2617";""
"";"Toba";"Indonesia";"2.608";"98.842";"2157";""
"";"Hunter Island";"Pacific Ocean";"-22.4";"172.05";"297";""
"";"Matthew Island";"Pacific Ocean";"-22.33";"171.32";"177";""
"";"Unnamed";"Pacific Ocean";"-25.78";"168.63";"-2400";""
"";"Gemini-Oscostar";"Vanuatu";"-20.957";"170.13";"-33";""
"";"Wallis Islands";"Wallis & Futuna";"-13.3";"-176.17";"143";""
"";"Es Safa";"Syria";"33.08";"37.15";"979";""
"";"Sharat Kovakab";"Syria";"36.536";"40.858";"516";""
"";"Unnamed";"Syria";"36.67";"37";"0";""
"";"Unnamed";"Syria";"33.308";"36.925";"945";""
"";"Unnamed";"Syria";"33.15";"36.258";"1197";""
"";"Unnamed";"Syria";"32.658";"36.425";"1436";""
"";"Tatun Volcanic Group";"China";"25.178";"121.553";"1120";""
"";"Kueishantao";"Taiwan";"24.841";"121.953";"361";""
"";"Unnamed";"Taiwan";"20.93";"134.75";"-6000";""
"";"Unnamed";"Taiwan";"21.83";"121.18";"-115";""
"";"Unnamed";"Taiwan";"24";"121.83";"0";""
"";"Unnamed";"Taiwan";"19.17";"132.25";"-10";""
"";"Unnamed";"Taiwan";"25.42";"122.33";"-100";""
"";"Zengyu";"Taiwan";"26.18";"122.458";"-418";""
"";"Curacoa";"Tonga";"-15.62";"-173.67";"-33";""
"";"Dugong";"Tonga";"-15.431";"-175.725";"-1170";""
"";"Fonuafo'ou";"Tonga";"-20.32";"-175.42";"-17";""
"";"Fonualei";"Tonga";"-18.023";"-174.317";"188";""
"";"Home Reef";"Tonga";"-18.992";"-174.775";"-10";""
"";"Hunga Tonga-Hunga Ha'apai";"Tonga";"-20.553";"-175.384";"114";""
"";"Kao";"Tonga";"-19.668";"-175.016";"1009";""
"";"Late";"Tonga";"-18.806";"-174.65";"540";""
"";"Lateiki";"Tonga";"-19.18";"-174.87";"43";""
"";"Lobster";"Tonga";"-15.333";"-176.283";"-1500";""
"";"Niuafo'ou";"Tonga";"-15.6";"-175.63";"260";""
"";"Niuatahi";"Tonga";"-15.379";"-174.003";"-1270";""
"";"Tafahi";"Tonga";"-15.85";"-173.72";"546";""
"";"Tafu-Maka";"Tonga";"-15.37";"-174.23";"-1400";""
"";"Tofua";"Tonga";"-19.75";"-175.07";"515";""
"";"Unnamed";"Tonga";"-21.338";"-175.65";"-68";""
"";"Unnamed";"Tonga";"-21.07";"-175.33";"0";""
"";"Unnamed";"Tonga";"-20.852";"-175.55";"-296";""
"";"Unnamed";"Tonga";"-24.8";"-177.02";"-385";""
"";"Unnamed";"Tonga";"-21.15";"-175.75";"-65";""
"";"Unnamed";"Tonga";"-18.325";"-174.365";"-40";""
"";"West Mata";"Tonga";"-15.1";"-173.75";"-1174";""
"";"Piparo";"Trinidad";"10";"-61";"140";""
"";"Acigol-Nevsehir";"Turkey";"38.537";"34.621";"1683";""
"";"Ararat";"Turkey";"39.7";"44.3";"5165";""
"";"Erciyes Volcanic Complex";"Turkey";"38.531";"35.447";"3864";""
"";"Girekol";"Turkey";"39.17";"43.33";"0";""
"";"Gollu Dag";"Turkey";"38.25";"34.57";"2143";""
"";"Hasandag-Keciboyduran";"Turkey";"38.13";"34.17";"3253";""
"";"Karaca Dag";"Turkey";"37.67";"39.83";"1957";""
"";"Karapinar Field";"Turkey";"37.667";"33.6";"1302";""
"";"Kars Plateau";"Turkey";"40.75";"42.9";"3000";""
"";"Kula";"Turkey";"38.58";"28.52";"750";""
"";"Nemrut Dagi";"Turkey";"38.654";"42.229";"2948";""
"";"Suphan Dagi";"Turkey";"38.92";"42.82";"4434";""
"";"Tenduruk Dagi";"Turkey";"39.356";"43.874";"3514";""
"";"San Francisco Volcanic Field";"United States";"35.347";"-111.678";"3850";""
"";"Uinkaret Field";"United States";"36.38";"-113.13";"1555";""
"";"Big Cave";"United States";"40.955";"-121.365";"1259";""
"";"Brushy Butte";"United States";"41.178";"-121.443";"1174";""
"";"Clear Lake Volcanic Field";"United States";"38.97";"-122.77";"1439";""
"";"Coso Volc Field";"United States";"36.03";"-117.82";"2400";""
"";"Eagle Lake Field";"United States";"40.63";"-120.83";"1652";""
"";"Golden Trout Creek";"United States";"36.358";"-118.32";"2886";""
"";"Inyo Craters";"United States";"37.692";"-119.02";"2629";""
"";"Lassen Volcanic Center";"United States";"40.492";"-121.508";"3187";""
"";"Lavic Lake";"United States";"34.75";"-116.625";"1495";""
"";"Mammoth Mountain";"United States";"37.631";"-119.032";"3369";""
"";"Medicine Lake";"United States";"41.611";"-121.554";"2412";""
"";"Mono Lake Volcanic Field";"United States";"38";"-119.03";"2121";""
"";"Mono-Inyo Craters";"United States";"37.804";"-119.029";"2796";""
"";"Salton Buttes";"United States";"33.197";"-115.616";"-40";""
"";"Shasta";"United States";"41.409";"-122.193";"4317";""
"";"Tumble Buttes";"United States";"40.68";"-121.55";"2191";""
"";"Twin Buttes";"United States";"40.78";"-121.6";"1631";""
"";"Ubehebe Craters";"United States";"37.02";"-117.45";"752";""
"";"Dotsero";"United States";"39.661";"-107.036";"2230";""
"";"Black Butte Crater Lava Field";"United States";"43.183";"-114.352";"1478";""
"";"Craters of the Moon";"United States";"43.371";"-113.493";"2005";""
"";"Hell's Half Acre";"United States";"43.492";"-112.45";"1632";""
"";"Wapi Lava Field";"United States";"42.886";"-113.217";"1597";""
"";"Soda Lakes";"United States";"39.525";"-118.878";"1251";""
"";"Carrizozo";"United States";"33.78";"-105.93";"1731";""
"";"Red Hill";"United States";"34.25";"-108.83";"2300";""
"";"Zuni-Bandera";"United States";"34.8";"-108";"2550";""
"";"Bachelor";"United States";"43.979";"-121.688";"2763";""
"";"Belknap";"United States";"44.285";"-121.841";"2095";""
"";"Blue Lake Crater";"United States";"44.413";"-121.769";"1136";""
"";"Cinnamon Butte";"United States";"43.241";"-122.111";"1958";""
"";"Crater Lake";"United States";"42.942";"-122.107";"2487";""
"";"Davis Lake";"United States";"43.57";"-121.82";"2163";""
"";"Devils Garden";"United States";"43.512";"-120.861";"1698";""
"";"Diamond Craters";"United States";"43.1";"-118.75";"1435";""
"";"Four Craters Lava Field";"United States";"43.361";"-120.669";"1501";""
"";"Hood";"United States";"45.374";"-121.695";"3426";""
"";"Jefferson";"United States";"44.674";"-121.8";"3199";""
"";"Jordan Craters";"United States";"43.147";"-117.46";"1473";""
"";"Newberry";"United States";"43.722";"-121.229";"2434";""
"";"Sand Mountain Field";"United States";"44.38";"-121.93";"1664";""
"";"South Sister";"United States";"44.1";"-121.77";"3157";""
"";"Squaw Ridge Field";"United States";"43.472";"-120.754";"1711";""
"";"Three Sisters";"United States";"44.133";"-121.767";"3159";""
"";"Bald Knoll";"United States";"37.328";"-112.408";"2135";""
"";"Black Rock Desert";"United States";"38.97";"-112.5";"1800";""
"";"Markagunt Plateau";"United States";"37.58";"-112.67";"2840";""
"";"Santa Clara";"United States";"37.257";"-113.625";"1465";""
"";"Adams";"United States";"46.206";"-121.49";"3742";""
"";"Baker";"United States";"48.777";"-121.813";"3285";""
"";"Glacier Peak";"United States";"48.112";"-121.113";"3213";""
"";"Indian Heaven";"United States";"45.93";"-121.82";"1806";""
"";"Rainier";"United States";"46.853";"-121.76";"4392";""
"";"St. Helens";"United States";"46.2";"-122.18";"2549";""
"";"West Crater";"United States";"45.88";"-122.08";"1329";""
"";"Yellowstone";"United States";"44.43";"-110.67";"2805";""
"";"Ambae";"Vanuatu";"-15.389";"167.835";"1496";""
"";"Ambrym";"Vanuatu";"-16.25";"168.12";"1334";""
"";"Aneityum";"Vanuatu";"-20.2";"169.78";"852";""
"";"East Epi";"Vanuatu";"-16.68";"168.389";"833";""
"";"Gaua";"Vanuatu";"-14.281";"167.514";"729";""
"";"Kuwae";"Vanuatu";"-16.83";"168.523";"-2";""
"";"Lopevi";"Vanuatu";"-16.507";"168.346";"1413";""
"";"Mere Lava";"Vanuatu";"-14.45";"168.05";"1028";""
"";"Motlav";"Vanuatu";"-13.67";"167.67";"411";""
"";"NE Shepherd Islands";"Vanuatu";"-16.992";"168.592";"216";""
"";"Nguna-Emau";"Vanuatu";"-17.452";"168.353";"589";""
"";"Suretamatai";"Vanuatu";"-13.8";"167.47";"921";""
"";"Traitor's Head";"Vanuatu";"-18.754";"169.238";"817";""
"";"Yasur";"Vanuatu";"-19.532";"169.447";"361";""
"";"Daikoku";"Japan";"21.324";"144.194";"-323";""
"";"Fukujin";"Japan";"21.93";"143.47";"-217";""
"";"Fukutoku-Oka-no-Ba";"Japan";"24.285";"141.481";"-29";""
"";"Ioto";"Japan";"24.751";"141.289";"169";""
"";"Kaikata Seamount";"Japan";"26.667";"140.929";"-165";""
"";"Kaitoku Seamount";"Japan";"26.122";"141.096";"-95";""
"";"Kasuga 1";"Japan";"21.765";"143.71";"-598";""
"";"Kita-Fukutokutai";"Japan";"24.417";"141.417";"-73";""
"";"Kita-Ioto";"Japan";"25.424";"141.284";"792";""
"";"Minami-Hiyoshi";"Japan";"23.5";"141.935";"-107";""
"";"Nikko";"Japan";"23.078";"142.326";"-392";""
"";"Nishinoshima";"Japan";"27.247";"140.874";"100";""
"";"Suiyo Seamount";"Japan";"28.575";"140.633";"-991";""
"";"Unnamed";"Japan";"26.133";"144.483";"-3200";""
"";"Diables, Morne aux";"Dominica";"15.612";"-61.43";"861";""
"";"Diablotins, Morne";"Dominica";"15.503";"-61.397";"1430";""
"";"Plat Pays, Morne";"Dominica";"15.255";"-61.341";"940";""
"";"Trois Pitons, Morne";"Dominica";"15.37";"-61.33";"1387";""
"";"Watt, Morne";"Dominica";"15.307";"-61.305";"1224";""
"";"St. Catherine";"Grenada";"12.15";"-61.67";"840";""
"";"Soufriere Guadeloupe";"Guadeloupe";"16.044";"-61.664";"1467";""
"";"Pelee";"Martinique";"14.809";"-61.166";"1372";""
"";"Soufriere Hills";"Montserrat";"16.72";"-62.18";"915";""
"";"Kick 'em Jenny";"Netherlands";"12.3";"-61.64";"-185";""
"";"Nevis Peak";"Netherlands";"17.15";"-62.58";"985";""
"";"Quill, The";"Netherlands";"17.478";"-62.96";"601";""
"";"Saba";"Netherlands";"17.63";"-63.23";"887";""
"";"Unnamed";"Netherlands";"16.13";"-61.28";"-7";""
"";"Liamuiga";"St. Kitts & Nevis";"17.37";"-62.8";"1156";""
"";"Qualibou";"St. Lucia";"13.83";"-61.05";"777";""
"";"Soufriere St. Vincent";"St. Vincent & the Grenadines";"13.33";"-61.18";"1220";""
